idx,input,output
0,"경상북도,(초전면),Seongju-gun,Mundeok-ro,291-11",경상북도 성주군 문덕로 291-11 (초전면)
1,"151-7, , Bunhwang 1-gil, Sangju-si, 경상북도",경상북도 상주시 분황1길 151-7 (낙동면)
2,", Suseo Police Station 16-2, 개명안길, 고흥군, Jeollanam-do, (대서면)",전라남도 고흥군 개명안길 16-2 (대서면)
3, 198-0 버그내1길 Chungcheongnam-do 100% OFFICE (합덕읍),충청남도 당진시 버그내1길 198-0 (합덕읍)
4,"3064-0, 문앞 북원로, 원주시, Gangwon-do",강원특별자치도 원주시 북원로 3064-0 (소초면)
5,"Gyeongsangnam-do, 밀양시, , 83-5, (상동면)",경상남도 밀양시 고정2길 83-5 (상동면)
6,"11-0, , 보석로12번길, Seo-gu, 인천광역시",인천광역시 서구 보석로12번길 11-0 (청라3동)
7,"Chungcheongbuk-do,(괴산읍),Goesan-gun,읍내로13길,68-0 아이가 자고 있어요.",충청북도 괴산군 읍내로13길 68-0 (괴산읍)
8,"Baekdong-ro 19beon-gil, 133-61, Gyeonggi-do, 연천군",경기도 연천군 백동로19번길 133-61 (미산면)
9,"충청북도, 충주시, Suseo Police Station , 19-0, (대소원면)",충청북도 충주시 독정3길 19-0 (대소원면)
10,"우시장1길,3-0,,횡성군,Gangwon-do,(횡성읍)",강원특별자치도 횡성군 우시장1길 3-0 (횡성읍)
11,대전광역시-Jung-gu-학고개로57번길-36-0-(석교동) @KIM,대전광역시 중구 학고개로57번길 36-0 (석교동)
12, 14-0 Hangjae-ro gonggeun 2-gil 강원특별자치도 (공근면),강원특별자치도 횡성군 항재로공근2길 14-0 (공근면)
13,"부산광역시,(서제3동),Geumjeong-gu,서동시장길,48-18 *^^*",부산광역시 금정구 서동시장길 48-18 (서제3동)
14, 32-0 Daeyong-gil Jeollanam-do (다시면),전라남도 나주시 대용길 32-0 (다시면)
15,"Geumchon-ro, 문앞 84-93, Gangwon-do, Chuncheon-si",강원특별자치도 춘천시 금촌로 84-93 (동내면)
16,"55-0, , 영장로4길, Yeonggwang-gun, Jeollanam-do",전라남도 영광군 영장로4길 55-0 (대마면)
17,이음& 경상남도-9-6-Jangyu-ro 416beon-gil-김해시-경상남도,경상남도 김해시 장유로416번길 9-6 (장유1동)
18, 84-16 천안시 동남구 A동 충청남도,충청남도 천안시 동남구 매송5길 84-16 (북면)
19, 이음& 20-12 Sungindong 1na-gil 서울특별시 (숭인제2동),서울특별시 종로구 숭인동1나길 20-12 (숭인제2동)
20,", 42-0, Aeryeon-ro 2an-gil, 제천시, 충청북도, (백운면)",충청북도 제천시 애련로2안길 42-0 (백운면)
21,"남원시,131-0,노봉길",전라북도 남원시 노봉길 131-0 (사매면)
22,"경상북도, 청송군, 100,1001 김&장 customer office , 146-0, (진보면)",경상북도 청송군 진보로 146-0 (진보면)
23,", 39-0, Suyeong Tax Office Building파란건물 Docheongsinwol-ro, 장흥군, Jeollanam-do, (대덕읍)",전라남도 장흥군 도청신월로 39-0 (대덕읍)
24,"충청남도,(선장면),Asan-si,Sapgyocheon-ro 136beon-gil,18-8",충청남도 아산시 삽교천로136번길 18-8 (선장면)
25,"전라남도, 함평군, 1001ho1001동 , 14-59, (해보면)",전라남도 함평군 발미길 14-59 (해보면)
26,"77-0  Dongnam-gu, Cheonan-si 충청남도",충청남도 천안시 동남구 매송1길 77-0 (북면)
27,customs office 100% Jeollanam-do-고흥군-하반로-34-0-(봉래면),전라남도 고흥군 하반로 34-0 (봉래면)
28,"Jeollanam-do,(서강동),여수시,서교1길,13-9 ^",전라남도 여수시 서교1길 13-9 (서강동)
29,"Pyeongchang-gun,125-0,대화중앙로",강원특별자치도 평창군 대화중앙로 125-0 (대화면)
30,"42-0, 방산가마터길, Siheung-si, 경기도",경기도 시흥시 방산가마터길 42-0 (신현동)
31,"노문래길, 12-4, 전라남도, Muan-gun",전라남도 무안군 노문래길 12-4 (해제면)
32,Seoul-Gangseo-gu-강서로45다길-30-6-(화곡제3동) 아이가 자고 있어요.,서울특별시 강서구 강서로45다길 30-6 (화곡제3동)
33,"Incheon,12-0,청라에메랄드로102번길,Seo-gu,Incheon",인천광역시 서구 청라에메랄드로102번길 12-0 (청라1동)
34,"Iksan-si,23-0,동산동길",전라북도 익산시 동산동길 23-0 (웅포면)
35,"Gangwon-do,(삼수동),태백시,광장로,9-17",강원특별자치도 태백시 광장로 9-17 (삼수동)
36,"74-3, Sabukjungang-ro, Jeongseon-gun, 강원특별자치도",강원특별자치도 정선군 사북중앙로 74-3 (사북읍)
37,"181-0, , 늠바위길, 포천시, 경기도",경기도 포천시 늠바위길 181-0 (이동면)
38, 188-6 100% Yeonggwang-gun 전라남도,전라남도 영광군 칠산로 188-6 (염산면)
39,Gyeongsangbuk-do-90-0-구미중앙로-Gumi-si-Gyeongsangbuk-do,경상북도 구미시 구미중앙로 90-0 (원평동)
40,"33-1, 관기길, Hapcheon-gun, Gyeongsangnam-do",경상남도 합천군 관기길 33-1 (묘산면)
41,"Gyeongsangnam-do,1314-2,서부로,합천군,Gyeongsangnam-do",경상남도 합천군 서부로 1314-2 (가회면)
42,"Jiam 4-gil, 6-6, 충청북도, Jincheon-gun",충청북도 진천군 지암4길 6-6 (진천읍)
43,"2710-28, 문앞 중부대로, 여주시, Gyeonggi-do",경기도 여주시 중부대로 2710-28 (세종대왕면)
44,강원특별자치도-Hongcheon-gun-Cheoljeong-gil-138-8-(두촌면) 100% office,강원특별자치도 홍천군 철정길 138-8 (두촌면)
45,"customs office 100% 65-6, 대산길, Haenam-gun, Jeollanam-do",전라남도 해남군 대산길 65-6 (옥천면)
46,"고양시 일산서구,57-8,송포백송길",경기도 고양시 일산서구 송포백송길 57-8 (덕이동)
47,"MUN AP 정읍시,9-0,통석길",전라북도 정읍시 통석길 9-0 (감곡면)
48,"$달러샵$ 731-5, Wolha-ro, Gimpo-si, Gyeonggi-do",경기도 김포시 월하로 731-5 (하성면)
49,경기도-233-0-북한강변로-Gapyeong-gun-경기도,경기도 가평군 북한강변로 233-0 (가평읍)
50,", 23-0, Waryong 3-gil, Gimje-si, Jeollabuk-do, (용지면)",전라북도 김제시 와룡3길 23-0 (용지면)
51,"284-0, 동곡로, 광산구, 광주광역시 Suseo Police Station",광주광역시 광산구 동곡로 284-0 (동곡동)
52,"54-0, Daegok 2-gil, Seosan-si, Chungcheongnam-do",충청남도 서산시 대곡2길 54-0 (해미면)
53,"지하&상가 경기도,(양감면),화성시,Podang-gil,18-0",경기도 화성시 포당길 18-0 (양감면)
54,충청북도-13-17-Yangsu-ro 4-gil-Okcheon-gun-충청북도,충청북도 옥천군 양수로4길 13-17 (옥천읍)
55,"A동 충청남도, Dangjin-si, , 31-9, (합덕읍)",충청남도 당진시 상동2길 31-9 (합덕읍)
56,"50-9, 이음& Gyeongin-ro, Bucheon-si, 경기도",경기도 부천시 경인로 50-9 (대산동)
57,"Gyeongsangbuk-do, 상주시, , 29-0, (동성동)",경상북도 상주시 성동로 29-0 (동성동)
58,"비자길,53-3,,Wando-gun,전라남도,(소안면)",전라남도 완도군 비자길 53-3 (소안면)
59,", 6-2, Mandeok-ro 1-gil, 제주시, 제주특별자치도, (건입동)",제주특별자치도 제주시 만덕로1길 6-2 (건입동)
60, 42-0 주암길 경상북도 (단북면) ^,경상북도 의성군 주암길 42-0 (단북면)
61,"경기도,97-0,Seokdong-ro 161beon-gil,Icheon-si,경기도",경기도 이천시 석동로161번길 97-0 (신둔면)
62,"Gyeongsangnam-do,(주상면),거창군,빼재로,1167-41",경상남도 거창군 빼재로 1167-41 (주상면)
63,"Saengyeon-ro, 104-1, Gyeonggi-do, 지하&상가 동두천시",경기도 동두천시 생연로 104-1 (생연2동)
64,Gyeonggi-do-1286-5-Seohae-ro-Hwaseong-si-Gyeonggi-do,경기도 화성시 서해로 1286-5 (팔탄면)
65,"전라북도,(입암면),Jeongeup-si,Songjeong-gil,11-20",전라북도 정읍시 송정길 11-20 (입암면)
66,"20-0, Wonsangdae-gil, Goheung-gun, Jeollanam-do",전라남도 고흥군 원상대길 20-0 (포두면)
67,Gangwon-do-양양군-매호길-8-0-(현남면),강원특별자치도 양양군 매호길 8-0 (현남면)
68,"100,1001 김&장 customer office Chungcheongnam-do-7-15-해월로123번길-논산시-Chungcheongnam-do",충청남도 논산시 해월로123번길 7-15 (부창동)
69,"3340-0, , $달러샵$ 설악로, Hongcheon-gun, 강원특별자치도",강원특별자치도 홍천군 설악로 3340-0 (두촌면)
70,"Jeollanam-do,356-0,유탕길,Jangseong-gun,Jeollanam-do",전라남도 장성군 유탕길 356-0 (장성읍)
71,"송산로939번길,111-0,,Uijeongbu-si,경기도,(송산1동)",경기도 의정부시 송산로939번길 111-0 (송산1동)
72,"93-0, Seongmo-ro 45beon-gil, Gimpo-si, Gyeonggi-do",경기도 김포시 석모로45번길 93-0 (양촌읍)
73,경상북도-칠곡군-봉계3길-42-12-(왜관읍) 100% office,경상북도 칠곡군 봉계3길 42-12 (왜관읍)
74,"Daejeon,(오정동),Daedeok-gu,Ojeong-ro 100beon-gil,61-0",대전광역시 대덕구 오정로100번길 61-0 (오정동)
75,"예지1길, $달러샵$ 75-0, Gyeongsangbuk-do, 김천시",경상북도 김천시 예지1길 75-0 (봉산면)
76, 75-13 100% office Muan-gun Jeollanam-do,전라남도 무안군 수양촌길 75-13 (현경면)
77,51-22  Sacheon-si Gyeongsangnam-do 김&장,경상남도 사천시 병둔2길 51-22 (사남면)
78,"133-260, , Naedang-gil, Goheung-gun, 100,1001 김&장 customer office Jeollanam-do",전라남도 고흥군 내당길 133-260 (두원면)
79,"35-0, 100% office 장군산로, 서구, Busan",부산광역시 서구 장군산로 35-0 (암남동)
80, Suseo Police Station 74-0 Seongdae-ro 6ga-gil 서울특별시 (상도제3동),서울특별시 동작구 성대로6가길 74-0 (상도제3동)
81,"46-32, Sangdeok-gil, Hadong-gun, 경상남도",경상남도 하동군 상덕길 46-32 (화개면)
82,"63-0, Geumgwan-ro bukgye-gil, 괴산군, Chungcheongbuk-do",충청북도 괴산군 금관로북계길 63-0 (청천면)
83,"49-24, 1001ho1001동 Yanghwabuk-ro 62beon-gil, 부여군, 충청남도",충청남도 부여군 양화북로62번길 49-24 (양화면)
84,"전라남도, Haenam-gun, , 2586-0, (송지면) MUN AP",전라남도 해남군 땅끝해안로 2586-0 (송지면)
85, 38-0 Oeillyang-gil Gyeongsangbuk-do (대가야읍) 1001ho1001동,경상북도 고령군 외일량길 38-0 (대가야읍)
86,"31-0, *^^* , Hanjae-gil, 무주군, Jeollabuk-do",전라북도 무주군 한재길 31-0 (무풍면)
87, 15-8 Paju-si 경기도,경기도 파주시 오류골길 15-8 (법원읍)
88,"1113-0, 문 앞에 놔주세요 평화로, 화천군, 강원특별자치도",강원특별자치도 화천군 평화로 1113-0 (화천읍)
89,"진도군,85-5,Jeongji-gil",전라남도 진도군 정지길 85-5 (의신면)
90,", 45-0, Hwajeong-ro 309beon-gil, Seo-gu, Gwangju, (농성2동)",광주광역시 서구 화정로309번길 45-0 (농성2동)
91,84-0  Namwon-si 전라북도,전라북도 남원시 고산길 84-0 (도통동)
92,"진정1길,24-0,,Hadong-gun,경상남도,(금남면) 이음&",경상남도 하동군 진정1길 24-0 (금남면)
93,"5-0, Gijeoguidoseogwan 1-gil, Suncheon-si, 전라남도",전라남도 순천시 기적의도서관1길 5-0 (왕조2동)
94,"Republic of Korea 185-10, Hugi-gil, Cheongwon-gu, Cheongju-si, Chungcheongbuk-do",충청북도 청주시 청원구 후기길 185-10 (오창읍)
95,"31-0, 대안길, 순천시, Jeollanam-do",전라남도 순천시 대안길 31-0 (해룡면)
96,"충주시,17-0,Geumbong 3-gil",충청북도 충주시 금봉3길 17-0 (용산동)
97,"Gyeongsangnam-do,40-5,마장로3길,의령군,Gyeongsangnam-do",경상남도 의령군 마장로3길 40-5 (유곡면)
98, 문 앞에 놔주세요 27-1 Haewol-ro 168beon-gil 충청남도 (취암동),충청남도 논산시 해월로168번길 27-1 (취암동)
99,"100% Gyeonggi-do, 평택시, , 25-1, (청북읍)",경기도 평택시 어소안길 25-1 (청북읍)
100,"Suyeong Tax Office Building파란건물 9-0, 관암1길, Chungju-si, Chungcheongbuk-do",충청북도 충주시 관암1길 9-0 (동량면)
101,"1420-27, Gahwa-ro, Gapyeong-gun, Gyeonggi-do",경기도 가평군 가화로 1420-27 (북면)
102,"문 앞에 놔주세요 강원특별자치도,75-0,Samil-ro,Hoengseong-gun,강원특별자치도",강원특별자치도 횡성군 삼일로 75-0 (횡성읍)
103,63-0 @KIM  청주시 청원구 Chungcheongbuk-do,충청북도 청주시 청원구 외남로15번길 63-0 (오근장동)
104,"Geomjun 2-gil, 381-30, 경기도, 양주시",경기도 양주시 검준2길 381-30 (은현면)
105,26-1  Goheung-gun Jeollanam-do,전라남도 고흥군 동신길 26-1 (도화면)
106,"거창군,1190-0,Jisan-ro",경상남도 거창군 지산로 1190-0 (가조면)
107,"21-0, , Happobuk 22-gil, 100% Masanhappo-gu, Changwon-si, 경상남도",경상남도 창원시 마산합포구 합포북22길 21-0 (합포동)
108,문앞 광주광역시-677-0-Hanam-daero-북구-광주광역시,광주광역시 북구 하남대로 677-0 (동림동)
109,", 753-0, Sogeumgang-ro, 정선군, 강원특별자치도, 노크 x (화암면)",강원특별자치도 정선군 소금강로 753-0 (화암면)
110,"진광로, 376-0, Chungcheongbuk-do, 진천군",충청북도 진천군 진광로 376-0 (이월면)
111,"충청북도,(대강면),Danyang-gun,괴평길,32-9 100%",충청북도 단양군 괴평길 32-9 (대강면)
112,"서울특별시, 은평구, Republic of Korea , 11-0, (불광제1동)",서울특별시 은평구 통일로78가길 11-0 (불광제1동)
113, 44-15 Yangpyeong-gun 경기도,경기도 양평군 옥천돌고갯길 44-15 (옥천면)
114, 14-15 Cheongnim 1-gil 경상남도 (남상면),경상남도 거창군 청림1길 14-15 (남상면)
115,"63-0, , Eupbu 1-gil, Yecheon-gun, 경상북도",경상북도 예천군 읍부1길 63-0 (용궁면)
116,"호반로, 2133-0, 충청북도, 제천시 이음&",충청북도 제천시 호반로 2133-0 (청풍면)
117, 88-0 평택시 MUN AP 경기도,경기도 평택시 남양만로 88-0 (포승읍)
118,"전라남도, Goheung-gun, , 479-1, (두원면) Republic of Korea",전라남도 고흥군 두원로 479-1 (두원면)
119,"47-10, Dorim-gil, A동 무안군, 전라남도",전라남도 무안군 도림길 47-10 (청계면)
120,"100% OFFICE 366-0, 주라위길, Paju-si, Gyeonggi-do",경기도 파주시 주라위길 366-0 (파주읍)
121,"Bokpyeong-gil, 2-5, 100% 전라남도, 해남군",전라남도 해남군 복평길 2-5 (해남읍)
122,"136-3, 100% office Sangimsil-gil, Geochang-gun, 경상남도",경상남도 거창군 상임실길 136-3 (주상면)
123,", 5-12, 범득골길, 김제시, Jeollabuk-do, (요촌동)",전라북도 김제시 범득골길 5-12 (요촌동)
124,"보성군,90-0,Bongnaeseondol-gil *^^*",전라남도 보성군 복내선돌길 90-0 (복내면)
125,"5-9, , Ganggudaege 1-gil, 영덕군, Gyeongsangbuk-do",경상북도 영덕군 강구대게1길 5-9 (강구면)
126,"5-1, , Gyeongchun-ro 1283beon-gil, 노크 x Namyangju-si, 경기도",경기도 남양주시 경춘로1283번길 5-1 (평내동)
127,"100,1001 김&장 customer office  212-1 화성시 Gyeonggi-do",경기도 화성시 태안로95번길 212-1 (진안동)
128, 34-6 Gangjin-gun Jeollanam-do 아이가 자고 있어요.,전라남도 강진군 낙산길 34-6 (병영면)
129,"50-0, Gyeonggang-ro hakgok 2-gil, 횡성군, Gangwon-do",강원특별자치도 횡성군 경강로학곡2길 50-0 (횡성읍)
130,"경상남도,(사남면),Sacheon-si,능화길,112-27 문 앞에 놔주세요",경상남도 사천시 능화길 112-27 (사남면)
131,", 230-4, 송학산로, Yeongwol-gun, 강원특별자치도, (주천면)",강원특별자치도 영월군 송학산로 230-4 (주천면)
132,"customs office 100% 전라남도,(나산면),함평군,Suha-gil,65-0",전라남도 함평군 수하길 65-0 (나산면)
133,1001ho1001동 전라북도-16-0-Samil-ro-임실군-전라북도,전라북도 임실군 삼일로 16-0 (오수면)
134,Jeollabuk-do-139-0-Dogye-gil-Wanju-gun-Jeollabuk-do,전라북도 완주군 도계길 139-0 (용진읍)
135,"경상남도,26-0,Seochonguseongmol-gil,Hadong-gun,경상남도",경상남도 하동군 서촌구석몰길 26-0 (양보면)
136,13-0  Jindo-gun Jeollanam-do,전라남도 진도군 내연동길 13-0 (임회면)
137,"2725-67, , 호국로, Pocheon-si, Gyeonggi-do",경기도 포천시 호국로 2725-67 (영중면)
138, 215-3 동외로 경상남도 (고성읍) 이음&,경상남도 고성군 동외로 215-3 (고성읍)
139,인천광역시-Seo-gu-Okbit-ro-4-0-(청라3동) 1001ho1001동,인천광역시 서구 옥빛로 4-0 (청라3동)
140,"충청남도, 당진시, , 111-30, (순성면)",충청남도 당진시 대촌2길 111-30 (순성면)
141,36-35  Yeonggwang-gun Jeollanam-do,전라남도 영광군 칠산로5길 36-35 (염산면)
142,"Wolpyeong-gil, 150-17, 전라남도, 함평군",전라남도 함평군 월평길 150-17 (나산면)
143,"1519-0, 예당로, 예산군, 충청남도",충청남도 예산군 예당로 1519-0 (응봉면)
144,"7-0, , 남문2길, 양양군, 강원특별자치도 @KIM",강원특별자치도 양양군 남문2길 7-0 (양양읍)
145,"전라북도,(왕궁면),Iksan-si,황암길,37-0",전라북도 익산시 황암길 37-0 (왕궁면)
146,73-0  지하&상가 고흥군 전라남도,전라남도 고흥군 축정2길 73-0 (봉래면)
147,"26-0, , 상원1길, 성동구, Seoul",서울특별시 성동구 상원1길 26-0 (성수1가제2동)
148,"남원시,15-4,덕과덕동안길 지하&상가",전라북도 남원시 덕과덕동안길 15-4 (덕과면)
149,"부산광역시,(초량제3동),동구,초량로,36-0 지하&상가",부산광역시 동구 초량로 36-0 (초량제3동)
150,"아이가 자고 있어요. 경기도, Uiwang-si, , 43-0, (오전동)",경기도 의왕시 고래들길 43-0 (오전동)
151,"79-0, Yuljin 2-gil, Hapcheon-gun, Gyeongsangnam-do",경상남도 합천군 율진2길 79-0 (율곡면)
152,", 3276-0, 북부로, 제천시, Chungcheongbuk-do, (송학면)",충청북도 제천시 북부로 3276-0 (송학면)
153,Seoul-관악구-인헌1길-55-0-(인헌동),서울특별시 관악구 인헌1길 55-0 (인헌동)
154,"Namcheon-gil,127-0,,Muan-gun,Jeollanam-do,(몽탄면) @KIM",전라남도 무안군 남천길 127-0 (몽탄면)
155,"8-3, Janggusil-gil 74beon-gil, 음성군, 충청북도",충청북도 음성군 장구실길74번길 8-3 (소이면)
156,"Jeollanam-do,86-4,Seogeochado 1-gil,Jindo-gun,Jeollanam-do",전라남도 진도군 서거차도1길 86-4 (조도면거차출장소)
157, 53-0 A동 Gokseong-gun 전라남도,전라남도 곡성군 무창길 53-0 (옥과면)
158,경기도-남양주시-Jaejaegi-ro 149beon-gil-23-0-(화도읍남부출장소) 지하&상가,경기도 남양주시 재재기로149번길 23-0 (화도읍남부출장소)
159,"경상남도,(대동면),Gimhae-si,Wondong-gil,75-2",경상남도 김해시 원동길 75-2 (대동면)
160,"부여군,14-20,Samsan-ro",충청남도 부여군 삼산로 14-20 (외산면)
161,"100% office , 40-0, Ori-ro 21-gil, Guro-gu, Seoul, (수궁동)",서울특별시 구로구 오리로21길 40-0 (수궁동)
162,", 15-6, 학사루길, 함양군, 경상남도, (함양읍)",경상남도 함양군 학사루길 15-6 (함양읍)
163,"108-6, Gaya-daero 482beon-gil, 부산진구, 부산광역시",부산광역시 부산진구 가야대로482번길 108-6 (가야제2동)
164, A동 36-1 Sagok 1-gil 전라북도 (계남면),전라북도 장수군 사곡1길 36-1 (계남면)
165,", *^^* 43-0, 낙동대로1762번가길, 북구, Busan, (구포제1동)",부산광역시 북구 낙동대로1762번가길 43-0 (구포제1동)
166,", 11-0, 불당14로, 천안시 서북구, Chungcheongnam-do, (불당1동)",충청남도 천안시 서북구 불당14로 11-0 (불당1동)
167, 59-0 함양군 경상남도,경상남도 함양군 중동길 59-0 (안의면)
168,"Gunik-ro,461-3,,익산시,Jeollabuk-do,(송학동) $달러샵$",전라북도 익산시 군익로 461-3 (송학동)
169," 21-33 완도군 100,1001 김&장 customer office 전라남도",전라남도 완도군 강독길 21-33 (신지면)
170,"$달러샵$ Nam-gu,5-0,중앙로38번안길",광주광역시 남구 중앙로38번안길 5-0 (월산동)
171,"13-2, , Doryong-gil, Wonju-si, Suyeong Tax Office Building파란건물 Gangwon-do",강원특별자치도 원주시 도룡길 13-2 (신림면)
172, 62-0 customs office 100% 무들로 Gyeonggi-do (초월읍),경기도 광주시 무들로 62-0 (초월읍)
173,"677-0, Daeya-ro, Hapcheon-gun, Gyeongsangnam-do",경상남도 합천군 대야로 677-0 (대양면)
174,"20-0, , 원양신촌길, Hadong-gun, Gyeongsangnam-do",경상남도 하동군 원양신촌길 20-0 (양보면)
175,"20-117, , 삼안로112번길, Gimhae-si, Gyeongsangnam-do",경상남도 김해시 삼안로112번길 20-117 (삼안동)
176,"^ 452-0, 하로길, Gimcheon-si, Gyeongsangbuk-do",경상북도 김천시 하로길 452-0 (양금동)
177,", 285-0, 망월로, Goheung-gun, Jeollanam-do, (남양면)",전라남도 고흥군 망월로 285-0 (남양면)
178,"경상남도,10-0,향교길,Gimhae-si,경상남도",경상남도 김해시 향교길 10-0 (북부동)
179,^ 28-2  강릉시 Gangwon-do,강원특별자치도 강릉시 고동길 28-2 (주문진읍)
180,"30-16, , 해평1길, Yeongdong-gun, 충청북도",충청북도 영동군 해평1길 30-16 (매곡면)
181,"8-3, Hwanggu-gil, Namwon-si, 전라북도",전라북도 남원시 황구길 8-3 (금지면)
182,"Jeollanam-do, 담양군, , *^^* 21-10, (용면)",전라남도 담양군 박곡길 21-10 (용면)
183, @KIM 85-0 Joamnam-ro 대구광역시 (월성1동),대구광역시 달서구 조암남로 85-0 (월성1동)
184,Suyeong Tax Office Building파란건물 Jeollabuk-do-241-57-Sinjeong-gil-Gimje-si-Jeollabuk-do,전라북도 김제시 신정길 241-57 (용지면)
185,"166-20, , 여양1로, 여주시, Gyeonggi-do",경기도 여주시 여양1로 166-20 (대신면)
186,"105-0, Buseoksa-ro 298beon-gil, 영주시, 경상북도",경상북도 영주시 부석사로298번길 105-0 (부석면)
187,"전라북도,349-51,눈기러기로,Wanju-gun,전라북도",전라북도 완주군 눈기러기로 349-51 (비봉면)
188,Gyeongsangnam-do-68-2-양림간제방길-밀양시-Gyeongsangnam-do,경상남도 밀양시 양림간제방길 68-2 (상남면)
189,"홍성군,684-11,홍남로",충청남도 홍성군 홍남로 684-11 (광천읍)
190,"93-5, Seonso-ro 16beon-gil, Namhae-gun, Republic of Korea Gyeongsangnam-do",경상남도 남해군 선소로16번길 93-5 (남해읍)
191,"Suyeong Tax Office Building파란건물 Bongsan-ro,369-15,,예산군,충청남도,(봉산면)",충청남도 예산군 봉산로 369-15 (봉산면)
192,", 906-0, 왕릉로, Buyeo-gun, 충청남도, (석성면)",충청남도 부여군 왕릉로 906-0 (석성면)
193,", 55-0, 비석1길, Chungju-si, 충청북도, (엄정면)",충청북도 충주시 비석1길 55-0 (엄정면)
194,", 9-9, Yongjeong 2-gil, Goseong-gun, Gyeongsangnam-do, (동해면)",경상남도 고성군 용정2길 9-9 (동해면)
195,"1001ho1001동 Gangjin-gun,126-2,Jungang-ro",전라남도 강진군 중앙로 126-2 (강진읍)
196,"68-0, , Gusang-gil, 순천시, 전라남도",전라남도 순천시 구상길 68-0 (서면)
197,192-2  Yeonggwang-gun Jeollanam-do,전라남도 영광군 중앙로 192-2 (영광읍)
198,Gyeongsangnam-do-사천시-Geumgu-gil-47-0-(용현면) 지하&상가,경상남도 사천시 금구길 47-0 (용현면)
199,Suseo Police Station  725-110 Danjae-ro Chungcheongbuk-do (남일면),충청북도 청주시 상당구 단재로 725-110 (남일면)
200,전라북도-10-0-Oegeonwit-gil-Namwon-si-전라북도,전라북도 남원시 외건윗길 10-0 (인월면)
201,", 393-0, 김&장 미죽로, Dongnam-gu, Cheonan-si, Chungcheongnam-do, (풍세면)",충청남도 천안시 동남구 미죽로 393-0 (풍세면)
202,"Pungmu-ro 57beon-gil,41-0,,김포시,경기도,(풍무동)",경기도 김포시 풍무로57번길 41-0 (풍무동)
203,"3258-0, Gongnyong-ro, 고성군, Gyeongsangnam-do",경상남도 고성군 공룡로 3258-0 (고성읍)
204,"81-0, , 서남길, Haman-gun, Gyeongsangnam-do",경상남도 함안군 서남길 81-0 (칠원읍)
205,"Noseong-ro,579-0,,Nonsan-si,충청남도,(노성면) Suseo Police Station",충청남도 논산시 노성로 579-0 (노성면)
206,"경기도, 광주시, , 60-2, (경안동)",경기도 광주시 경안로 60-2 (경안동)
207,"7-0, Mosan-ro 161beon-gil, Asan-si, 충청남도",충청남도 아산시 모산로161번길 7-0 (배방읍)
208,"Gangwon-do, Hoengseong-gun, Suyeong Tax Office Building파란건물 , 275-46, (강림면)",강원특별자치도 횡성군 주천강로 275-46 (강림면)
209,"강진군,14-0,Yeongpo 1-gil ^",전라남도 강진군 영포1길 14-0 (군동면)
210,32-0  이음& 영월군 강원특별자치도,강원특별자치도 영월군 내성길 32-0 (영월읍)
211,"Chungcheongnam-do-Asan-si-월암로199번길-34-26-(음봉면) 100,1001 김&장 customer office",충청남도 아산시 월암로199번길 34-26 (음봉면)
212,8-15  Wonju-si 강원특별자치도,강원특별자치도 원주시 노림새말길 8-15 (부론면)
213,"87-0, Chojung 6-gil, Jeungpyeong-gun, 이음& 충청북도",충청북도 증평군 초중6길 87-0 (증평읍)
214,Gyeongsangnam-do-49-0-금산순환로444번길-Jinju-si-Gyeongsangnam-do 문 앞에 놔주세요,경상남도 진주시 금산순환로444번길 49-0 (금산면)
215,"서울특별시,(왕십리제2동),Seongdong-gu,무학봉15길,7-0 문 앞에 놔주세요",서울특별시 성동구 무학봉15길 7-0 (왕십리제2동)
216,"64-0, 학다리길, 완주군, 전라북도 노크 x",전라북도 완주군 학다리길 64-0 (봉동읍)
217,"17-5, 100% Hwajeon-ro 78beon-gil, 남해군, Gyeongsangnam-do",경상남도 남해군 화전로78번길 17-5 (남해읍)
218,"^ Yongji-gil,86-9,,익산시,전라북도,(함열읍)",전라북도 익산시 용지길 86-9 (함열읍)
219, 165-0 100% OFFICE 현내길 Gyeongsangbuk-do (진량읍),경상북도 경산시 현내길 165-0 (진량읍)
220,경기도-127-0-Madu 1-gil-평택시-경기도,경기도 평택시 마두1길 127-0 (서탄면)
221,"Taean-gun,297-22,Yongdo-ro",충청남도 태안군 용도로 297-22 (근흥면)
222, 16-20 Bongdong-gil Chungcheongnam-do (연무읍),충청남도 논산시 봉동길 16-20 (연무읍)
223, 200-3 아산만로 충청남도 (도고면) @KIM,충청남도 아산시 아산만로 200-3 (도고면)
224,서울특별시-Eunpyeong-gu-Jinheung-ro 11-gil-5-0-(대조동),서울특별시 은평구 진흥로11길 5-0 (대조동)
225,2-1  지하&상가 Uiryeong-gun 경상남도,경상남도 의령군 무전로2서길 2-1 (의령읍)
226,지하&상가 Jeollanam-do-11-0-Jangsujungang-gil-Goheung-gun-Jeollanam-do,전라남도 고흥군 장수중앙길 11-0 (포두면)
227,"서울특별시,(원효로제2동),Yongsan-gu,Hyochangwon-ro 12ga-gil,21-0",서울특별시 용산구 효창원로12가길 21-0 (원효로제2동)
228,"고서길, 68-3, 경상남도, 하동군 1001ho1001동",경상남도 하동군 고서길 68-3 (하동읍)
229,"28-62, Republic of Korea Gijinae-gil, 정읍시, Jeollabuk-do",전라북도 정읍시 기지내길 28-62 (태인면)
230,89-15  Hamyang-gun Gyeongsangnam-do,경상남도 함양군 소로길 89-15 (서상면)
231,"@KIM , 22-1, Jeomamhakgyo-gil, Goheung-gun, Jeollanam-do, (점암면)",전라남도 고흥군 점암학교길 22-1 (점암면)
232,"대구광역시, 중구, , 260-0, (대봉1동)",대구광역시 중구 대봉로 260-0 (대봉1동)
233, 411-14 오산시 Gyeonggi-do,경기도 오산시 남부대로 411-14 (대원동)
234,"43-0, Gugok 2-gil, 하동군, 경상남도",경상남도 하동군 구곡2길 43-0 (진교면)
235,"73-9, 노크 x 고인돌길, 양양군, Gangwon-do",강원특별자치도 양양군 고인돌길 73-9 (서면)
236,89-35  Asan-si Chungcheongnam-do @KIM,충청남도 아산시 서해로548번길 89-35 (인주면)
237,Jeju-do-9-3-Nabeumnam-ro-제주시-Jeju-do $달러샵$,제주특별자치도 제주시 납읍남로 9-3 (애월읍)
238,"경상남도,(차황면),산청군,Sincha-ro 1480beon-gil,43-0",경상남도 산청군 신차로1480번길 43-0 (차황면)
239,"반포대로20길,16-3,,서초구,Seoul,(서초3동) MUN AP",서울특별시 서초구 반포대로20길 16-3 (서초3동)
240,"Samsanjebang-ro, 107-0, Chungcheongbuk-do, Suyeong Tax Office Building파란건물 보은군",충청북도 보은군 삼산제방로 107-0 (보은읍)
241,"1-0, 이음& , Mokdong 3-gil, 곡성군, Jeollanam-do",전라남도 곡성군 목동3길 1-0 (고달면)
242,"863-56, Namjak-ro, Seongju-gun, 경상북도",경상북도 성주군 남작로 863-56 (수륜면)
243,"*^^* 736-23, 경춘북로, Namyangju-si, Gyeonggi-do",경기도 남양주시 경춘북로 736-23 (진건읍)
244,"53-4, 성주금산3길, 성주군, Gyeongsangbuk-do",경상북도 성주군 성주금산3길 53-4 (성주읍)
245,20-0 $달러샵$  화성시 Gyeonggi-do,경기도 화성시 와우로 20-0 (봉담읍)
246,29-0  강진군 Jeollanam-do,전라남도 강진군 작천용정길 29-0 (작천면)
247,"Geumsang-ro 18beon-gil, 6-12, 문앞 경기도, 성남시 중원구",경기도 성남시 중원구 금상로18번길 6-12 (상대원3동)
248,"864-0, Jipyeong-ro, 양평군, 경기도",경기도 양평군 지평로 864-0 (지평면)
249,"141-1, , 대진항길, 고성군, 강원특별자치도",강원특별자치도 고성군 대진항길 141-1 (현내면)
250,"132-28, Cheongsin-ro, 예산군, 충청남도",충청남도 예산군 청신로 132-28 (신양면)
251,"전라북도,(향교동),Namwon-si,Gyochon-gil,2-0",전라북도 남원시 교촌길 2-0 (향교동)
252,"Gyeonggi-do,63-0,신율로,Yeoju-si,Gyeonggi-do",경기도 여주시 신율로 63-0 (흥천면)
253,121-0  울진군 경상북도 ^,경상북도 울진군 울진대게로 121-0 (후포면)
254, 100-2 Yeongheung-ro 757beon-gil $달러샵$ 인천광역시 (영흥면),인천광역시 옹진군 영흥로757번길 100-2 (영흥면)
255,"Suyeong Tax Office Building파란건물 27-0, 초롱꽃길, Yeongdo-gu, 부산광역시",부산광역시 영도구 초롱꽃길 27-0 (신선동)
256,MUN AP Gyeongsangbuk-do-130-3-Hayang-ro-Gyeongsan-si-Gyeongsangbuk-do,경상북도 경산시 하양로 130-3 (하양읍)
257,"가조가야로,2787-0,,Hapcheon-gun,경상남도,(가야면) ^",경상남도 합천군 가조가야로 2787-0 (가야면)
258,", 182-15, 응봉서로, Yesan-gun, Chungcheongnam-do, (응봉면)",충청남도 예산군 응봉서로 182-15 (응봉면)
259,"대월로557번길, $달러샵$ 186-47, Gyeonggi-do, 이천시",경기도 이천시 대월로557번길 186-47 (대월면)
260,서울특별시-7-0-청파로47나길-Yongsan-gu-서울특별시 Republic of Korea,서울특별시 용산구 청파로47나길 7-0 (청파동)
261,"자유시장길, 14-0, 충청북도, 충주시 *^^*",충청북도 충주시 자유시장길 14-0 (성내.충인동)
262,"Chungcheongbuk-do,(낭성면),청주시 상당구,관정길,199-0",충청북도 청주시 상당구 관정길 199-0 (낭성면)
263,"6-0, 테헤란로4길, 강남구, 서울특별시",서울특별시 강남구 테헤란로4길 6-0 (역삼1동)
264, 43-5 Jungheung-ro 3-gil 충청북도 (사리면),충청북도 괴산군 중흥로3길 43-5 (사리면)
265,", MUN AP 28-1, 구미중앙로13길, 구미시, Gyeongsangbuk-do, (원평동)",경상북도 구미시 구미중앙로13길 28-1 (원평동)
266,19-0  Seo-gu Incheon 문앞,인천광역시 서구 청라루비로144번길 19-0 (청라2동)
267,강원특별자치도-원주시-Bugwi-ro-58-0-(부론면) $달러샵$,강원특별자치도 원주시 부귀로 58-0 (부론면)
268,"469-0, , Wonyang-ro, Cheoin-gu, Yongin-si, 1001ho1001동 Gyeonggi-do",경기도 용인시 처인구 원양로 469-0 (원삼면)
269,"내난길, 21-11, 전라북도, 익산시 지하&상가",전라북도 익산시 내난길 21-11 (성당면)
270,"18-3, 기동길, Gwangyang-si, 전라남도",전라남도 광양시 기동길 18-3 (골약동)
271,"Jeollabuk-do,14-0,기양길,Namwon-si,Jeollabuk-do",전라북도 남원시 기양길 14-0 (이백면)
272,Gyeongsangbuk-do-Yeongju-si-옥계로336번길-50-1-(장수면),경상북도 영주시 옥계로336번길 50-1 (장수면)
273, 65-0 고일로251번길 Gyeonggi-do (풍산동),경기도 고양시 일산동구 고일로251번길 65-0 (풍산동)
274, 753-0 Gujeol-ro Gyeongsangnam-do (동해면) 지하&상가,경상남도 고성군 구절로 753-0 (동해면)
275,"Jeollanam-do,(율어면),Boseong-gun,Baegol-gil,48-5",전라남도 보성군 배골길 48-5 (율어면)
276,$달러샵$  18-8 부여군 Chungcheongnam-do,충청남도 부여군 산저로 18-8 (내산면)
277,"93-10, , Wolcheon-gil, Damyang-gun, A동 Jeollanam-do",전라남도 담양군 월천길 93-10 (월산면)
278,Republic of Korea Gyeongsangnam-do-15-1-Gwangjesan-ro 26beon-gil-Jinju-si-Gyeongsangnam-do,경상남도 진주시 광제산로26번길 15-1 (명석면)
279,"Gyeongsangnam-do, Changnyeong-gun, 노크 x , 24-5, (이방면)",경상남도 창녕군 모곡대밭길 24-5 (이방면)
280,Gyeonggi-do-안성시-Iljukdangchon-gil-134-0-(일죽면) 1001ho1001동,경기도 안성시 일죽당촌길 134-0 (일죽면)
281,"Hanjanggun-ro,377-12,,경산시,Gyeongsangbuk-do,(자인면)",경상북도 경산시 한장군로 377-12 (자인면)
282,전라남도-85-0-Jeopjeong-gil-Jangheung-gun-전라남도,전라남도 장흥군 접정길 85-0 (용산면)
283,"경상남도,184-20,Daedong-ro 274beon-gil,김해시,경상남도",경상남도 김해시 대동로274번길 184-20 (대동면)
284,"Bibongan-gil, 35-6, Gangwon-do, 정선군",강원특별자치도 정선군 비봉안길 35-6 (정선읍)
285, 10-0 종로구 1001ho1001동 서울특별시,서울특별시 종로구 종로58길 10-0 (숭인제2동)
286,"18-6, , 100% OFFICE 중산1길, Goheung-gun, 전라남도",전라남도 고흥군 중산1길 18-6 (남양면)
287,Daegu-211-0-Sinhwa 3-gil-군위군-Daegu 100% OFFICE,대구광역시 군위군 신화3길 211-0 (부계면)
288,이음& 대구광역시-38-8-Gyeongsanggamyeong-gil-중구-대구광역시,대구광역시 중구 경상감영길 38-8 (성내2동)
289,"11-4, 응암로11길, 은평구, 서울특별시",서울특별시 은평구 응암로11길 11-4 (응암제3동)
290, 361-6 Cheonbyeonu-ro 광주광역시 (충장동),광주광역시 동구 천변우로 361-6 (충장동)
291,"전라남도, Wando-gun, , 158-0, (약산면)",전라남도 완도군 우두길 158-0 (약산면)
292,^  28-0 Eumseong-gun 충청북도,충청북도 음성군 무극로244번길 28-0 (금왕읍)
293,"개화동로27나길, @KIM 32-0, Seoul, 강서구",서울특별시 강서구 개화동로27나길 32-0 (방화제2동)
294,^ 경상북도-126-4-건천1길-경주시-경상북도,경상북도 경주시 건천1길 126-4 (건천읍)
295,"187-16, , 문앞 영수길, 함평군, Jeollanam-do",전라남도 함평군 영수길 187-16 (함평읍)
296,"Gyeongsangnam-do, Miryang-si, ^ , 76-0, (교동)",경상남도 밀양시 교동로 76-0 (교동)
297, 110-16 예산군 Chungcheongnam-do Suyeong Tax Office Building파란건물,충청남도 예산군 임존성길 110-16 (대흥면)
298,경기도-199-0-양주산성로800번길-Yangju-si-경기도 문 앞에 놔주세요,경기도 양주시 양주산성로800번길 199-0 (백석읍)
299,"경상남도-42-0-Noyeon-ro 228beon-gil-Uichang-gu, Changwon-si-경상남도 A동",경상남도 창원시 의창구 노연로228번길 42-0 (동읍)
300, 157-0 울진군 경상북도,경상북도 울진군 매화매실1길 157-0 (매화면)
301,"전라남도, 나주시, , 5-0, (세지면)",전라남도 나주시 세남로 5-0 (세지면)
302, 221-0 매창로 Jeollabuk-do 노크 x (부안읍),전라북도 부안군 매창로 221-0 (부안읍)
303, 41-0 Sinpyeong-ro 1001ho1001동 경기도 (신평동),경기도 평택시 신평로 41-0 (신평동)
304,"국사봉로, 713-19, Gyeonggi-do, Anseong-si",경기도 안성시 국사봉로 713-19 (삼죽면)
305,", 16-0, 동탄지성로412번길, 화성시, 아이가 자고 있어요. 경기도, (반월동)",경기도 화성시 동탄지성로412번길 16-0 (반월동)
306,"경상남도,(욕지면),통영시,서촌아랫길,135-0 문 앞에 놔주세요",경상남도 통영시 서촌아랫길 135-0 (욕지면)
307,"Gyeonggi-do,(모가면),Icheon-si,Sasil-ro,979-25",경기도 이천시 사실로 979-25 (모가면)
308,"원범왕길, 19-6, 경상남도, 하동군",경상남도 하동군 원범왕길 19-6 (화개면)
309,"전라북도,(무풍면),무주군,구천동로,323-0 100%",전라북도 무주군 구천동로 323-0 (무풍면)
310,"Otumul-ro,20-0,,서구,Incheon,(석남1동) MUN AP",인천광역시 서구 옻우물로 20-0 (석남1동)
311, 222-0 Manse-ro Gyeonggi-do (대덕면) 100% office,경기도 안성시 만세로 222-0 (대덕면)
312, 6-20 통일로9길 Seoul (천연동),서울특별시 서대문구 통일로9길 6-20 (천연동)
313, customs office 100% 11-9 Gyeseok 2-gil 경상남도 (동면),경상남도 양산시 계석2길 11-9 (동면)
314,"Jeollabuk-do,30-16,Yucheon 1-gil,익산시,Jeollabuk-do",전라북도 익산시 유천1길 30-16 (동산동)
315,26-0  Dalseong-gun Daegu 지하&상가,대구광역시 달성군 다사로91길 26-0 (다사읍)
316,"Gyeonggi-do,191-4,Jipyeong-ro,양평군,Gyeonggi-do",경기도 양평군 지평로 191-4 (지평면)
317, 121-0 @KIM Pyeongchang-gun Gangwon-do,강원특별자치도 평창군 면의동길 121-0 (진부면)
318,"Gangwon-do,25-0,태기로19번길,Hoengseong-gun,Gangwon-do 김&장",강원특별자치도 횡성군 태기로19번길 25-0 (횡성읍)
319,"46-10, 김&장 Haansamni-gil, 합천군, 경상남도",경상남도 합천군 하안삼리길 46-10 (쌍백면)
320,"전라남도,283-0,Yeonu-gil,해남군,전라남도",전라남도 해남군 연우길 283-0 (황산면)
321, 84-12 Cheongha-ro 151beon-gil 경상북도 (청하면),경상북도 포항시 북구 청하로151번길 84-12 (청하면)
322,"@KIM Gyeonggi-do, 가평군, , 1408-74, (청평면)",경기도 가평군 경춘로 1408-74 (청평면)
323,", 116-5, 처인성로827번길, 문 앞에 놔주세요 Cheoin-gu, Yongin-si, 경기도, (남사읍)",경기도 용인시 처인구 처인성로827번길 116-5 (남사읍)
324,전라남도-20-0-Mulmu-ro-Yeonggwang-gun-전라남도,전라남도 영광군 물무로 20-0 (영광읍)
325, 157-0 석지3길 Gyeongsangnam-do (하이면),경상남도 고성군 석지3길 157-0 (하이면)
326,"Gangwon-do, 원주시, , 99-6, (반곡관설동)",강원특별자치도 원주시 갈촌길 99-6 (반곡관설동)
327,", 48-0, 내청명길, 완주군, 전라북도, (구이면)",전라북도 완주군 내청명길 48-0 (구이면)
328,57-10  Hampyeong-gun 전라남도,전라남도 함평군 구밀길 57-10 (해보면)
329,"덕암2길,12-0,,Miryang-si,경상남도,(무안면) 100% office",경상남도 밀양시 덕암2길 12-0 (무안면)
330,"신풍로, ^ 59-0, Gyeonggi-do, 수원시 팔달구",경기도 수원시 팔달구 신풍로 59-0 (행궁동)
331, 30-17 Sinheungdong-gil Jeollanam-do (포두면),전라남도 고흥군 신흥동길 30-17 (포두면)
332,"33-0, , 100% OFFICE 학담시장2길, 횡성군, Gangwon-do",강원특별자치도 횡성군 학담시장2길 33-0 (공근면)
333,"30-0, , 중부대로2376번길, 용인시 처인구, 경기도",경기도 용인시 처인구 중부대로2376번길 30-0 (양지면)
334,"Soan-ro, 213-1, 100% office 전라남도, 완도군",전라남도 완도군 소안로 213-1 (소안면)
335,"4210-0, , 동해대로, 속초시, 강원특별자치도 $달러샵$",강원특별자치도 속초시 동해대로 4210-0 (노학동)
336,전라남도-순천시-Bungmun-gil-70-0-(중앙동) 1001ho1001동,전라남도 순천시 북문길 70-0 (중앙동)
337,"경상북도,(선산읍),구미시,동교길,31-8",경상북도 구미시 동교길 31-8 (선산읍)
338,"3-0, Gangjin-ro 79beon-gil, 남해군, 경상남도",경상남도 남해군 강진로79번길 3-0 (설천면)
339,"21-2, , Wonjiji-gil, Jangsu-gun, Jeollabuk-do",전라북도 장수군 원지지길 21-2 (번암면)
340,"경기도, 포천시, , 160-0, (이동면)",경기도 포천시 여우고개로255번길 160-0 (이동면)
341,Gyeongsangbuk-do-167-0-Jagyak-ro-Sangju-si-Gyeongsangbuk-do,경상북도 상주시 작약로 167-0 (은척면)
342,"*^^* Yesan-gun,11-14,입침큰말길",충청남도 예산군 입침큰말길 11-14 (응봉면)
343,"Chungcheongnam-do,279-55,음봉로,아산시,Chungcheongnam-do",충청남도 아산시 음봉로 279-55 (음봉면)
344,충청남도-논산시-Haewol-ro 235beon-gil-16-7-(부창동) $달러샵$,충청남도 논산시 해월로235번길 16-7 (부창동)
345,"60-0, 서오릉로, 은평구, 서울특별시",서울특별시 은평구 서오릉로 60-0 (녹번동)
346,"경상북도,(운수면),고령군,Anheuksu-gil,19-6",경상북도 고령군 안흑수길 19-6 (운수면)
347,"Gangwon-do,104-4,춘양밤골길,양구군,Gangwon-do customs office 100%",강원특별자치도 양구군 춘양밤골길 104-4 (국토정중앙면)
348,"증동길258번길, 17-0, 경기도, 양평군 아이가 자고 있어요.",경기도 양평군 증동길258번길 17-0 (양서면)
349,"Suyeong Tax Office Building파란건물 경상남도,(대산면),Uichang-gu, Changwon-si,Daesanbuk-ro,275-7",경상남도 창원시 의창구 대산북로 275-7 (대산면)
350, customs office 100% 27-1 Sinhosanjang-gil 전라남도 (고흥읍),전라남도 고흥군 신호산장길 27-1 (고흥읍)
351, 780-0 Dangjin-si Chungcheongnam-do,충청남도 당진시 순성로 780-0 (송악읍)
352,", 17-0, 봉오대로601번길, Gyeyang-gu, 인천광역시, (효성1동)",인천광역시 계양구 봉오대로601번길 17-0 (효성1동)
353,11-4  Nonsan-si Chungcheongnam-do $달러샵$,충청남도 논산시 지산1길 11-4 (취암동)
354,"충청남도,(송산면),Dangjin-si,당산1로,554-0",충청남도 당진시 당산1로 554-0 (송산면)
355,", 122-0, 노크 x 제먼당길, Hadong-gun, Gyeongsangnam-do, (금남면)",경상남도 하동군 제먼당길 122-0 (금남면)
356,", 26-0, 일월로41번길, 포항시 남구, Gyeongsangbuk-do, (동해면)",경상북도 포항시 남구 일월로41번길 26-0 (동해면)
357,Gangwon-do-32-8-가진해변길-Goseong-gun-Gangwon-do ^,강원특별자치도 고성군 가진해변길 32-8 (죽왕면)
358, 58-4 예천군 Gyeongsangbuk-do,경상북도 예천군 미석1길 58-4 (감천면)
359,"광주광역시,24-30,Seochangbalsan-gil,Seo-gu,광주광역시",광주광역시 서구 서창발산길 24-30 (서창동)
360,"부평구,62-1,아트센터로",인천광역시 부평구 아트센터로 62-1 (십정2동)
361,"진영로,312-52,,Gimhae-si,경상남도,(진영읍) @KIM",경상남도 김해시 진영로 312-52 (진영읍)
362,"여주시,195-0,강문로 ^",경기도 여주시 강문로 195-0 (강천면)
363,"100% Chungcheongnam-do, 논산시, , 59-32, (노성면)",충청남도 논산시 벼슬로 59-32 (노성면)
364,"Chodangsundubu-gil,2-0,,Gangneung-si,Gangwon-do,(초당동)",강원특별자치도 강릉시 초당순두부길 2-0 (초당동)
365,서울특별시-영등포구-Gyeongin-ro-853-0-(영등포동) 문 앞에 놔주세요,서울특별시 영등포구 경인로 853-0 (영등포동)
366,"Jeollanam-do,(광의면),구례군,방광1길,25-0 Suseo Police Station",전라남도 구례군 방광1길 25-0 (광의면)
367,"Jung-gu,27-0,을지로16길",서울특별시 중구 을지로16길 27-0 (을지로동)
368,"111-0, , MUN AP 진벌로, Taean-gun, 충청남도",충청남도 태안군 진벌로 111-0 (태안읍)
369,"72-6, , 100% office 성락길, Geochang-gun, Gyeongsangnam-do",경상남도 거창군 성락길 72-6 (마리면)
370, 29-8 Sammunjungang-ro 3-gil 문 앞에 놔주세요 경상남도 (삼문동),경상남도 밀양시 삼문중앙로3길 29-8 (삼문동)
371,"다대로, 655-0, 부산광역시, 사하구 1001ho1001동",부산광역시 사하구 다대로 655-0 (다대제1동)
372,"14-0, customs office 100% , Gareubaengi-ro 20-gil, 서구, Daegu",대구광역시 서구 가르뱅이로20길 14-0 (상중이동)
373,Jeollanam-do-나주시-유전길-65-13-(금천면),전라남도 나주시 유전길 65-13 (금천면)
374,"MUN AP Gyeonggi-do,(퇴촌면),광주시,Cheonjinam-ro,697-1",경기도 광주시 천진암로 697-1 (퇴촌면)
375,"18-0, Seosan 3-gil, Hapcheon-gun, 경상남도",경상남도 합천군 서산3길 18-0 (합천읍)
376,지하&상가 Chungcheongnam-do-예산군-신가꽃산길-34-5-(삽교읍),충청남도 예산군 신가꽃산길 34-5 (삽교읍)
377,"4-0  Heungdeok-gu, Cheongju-si 충청북도",충청북도 청주시 흥덕구 오송5길 4-0 (오송읍)
378,"MUN AP Chungcheongnam-do,(쌍용1동),천안시 서북구,Mira 4-gil,20-0",충청남도 천안시 서북구 미라4길 20-0 (쌍용1동)
379, 169-2 *^^* Jung-gu Daejeon,대전광역시 중구 중앙로 169-2 (은행선화동)
380,"18-0, , 청라한내로174번길, Seo-gu, Incheon",인천광역시 서구 청라한내로174번길 18-0 (청라3동)
381,"전라남도, 고흥군, , 45-2, (도화면)",전라남도 고흥군 이목동길 45-2 (도화면)
382,", 50-12, Gihoan-gil, 통영시, 경상남도, (용남면)",경상남도 통영시 기호안길 50-12 (용남면)
383,"Gangneung-daero,369-5,,Gangneung-si,Gangwon-do,(포남1동)",강원특별자치도 강릉시 강릉대로 369-5 (포남1동)
384,"99-4, 100% office Sanggwi-gil, Jeju-si, 제주특별자치도",제주특별자치도 제주시 상귀길 99-4 (애월읍)
385,Jeollanam-do-Gurye-gun-남도대교로-396-0-(간전면),전라남도 구례군 남도대교로 396-0 (간전면)
386,"용궁1길, 45-8, 충청남도, 예산군",충청남도 예산군 용궁1길 45-8 (신암면)
387,"Gyeongsangnam-do,(향촌동),사천시,Samsang-ro,663-0",경상남도 사천시 삼상로 663-0 (향촌동)
388,", 276-0, 정동2길, 의령군, 경상남도, (용덕면)",경상남도 의령군 정동2길 276-0 (용덕면)
389,"Jeollanam-do, Mokpo-si, , 255-4, (만호동)",전라남도 목포시 해안로 255-4 (만호동)
390, 42-9 보령시 ^ 충청남도,충청남도 보령시 보령남로 42-9 (대천4동)
391,"57-0, ^ 선거1길, 임실군, Jeollabuk-do",전라북도 임실군 선거1길 57-0 (운암면)
392,"Incheon,(용현5동),미추홀구,독배로,303-72 100,1001 김&장 customer office",인천광역시 미추홀구 독배로 303-72 (용현5동)
393,전라남도-2069-0-중부로-신안군-전라남도,전라남도 신안군 중부로 2069-0 (암태면)
394,"16-0, 100,1001 김&장 customer office 뒷비파길, 경주시, 경상북도",경상북도 경주시 뒷비파길 16-0 (내남면)
395, 722-0 미사리로 경기도 (설악면),경기도 가평군 미사리로 722-0 (설악면)
396,Jeollanam-do-진도군-Chamjeonbok-ro-520-0-(지산면),전라남도 진도군 참전복로 520-0 (지산면)
397,전라남도-117-6-Chungni-gil-Haenam-gun-전라남도 아이가 자고 있어요.,전라남도 해남군 충리길 117-6 (삼산면)
398,"경기도,89-0,서정북로,Pyeongtaek-si,경기도",경기도 평택시 서정북로 89-0 (서정동)
399,", 84-0, MUN AP 관대길, Asan-si, Chungcheongnam-do, (둔포면)",충청남도 아산시 관대길 84-0 (둔포면)
400,"MUN AP 기장군,285-7,일광로",부산광역시 기장군 일광로 285-7 (일광읍)
401,"Gyeongsangbuk-do,(중앙동),포항시 북구,중앙상가길,10-1",경상북도 포항시 북구 중앙상가길 10-1 (중앙동)
402,"팔봉2로, 186-24, 충청남도, 서산시",충청남도 서산시 팔봉2로 186-24 (팔봉면)
403,"Republic of Korea 전라남도,69-2,Icheon-gil,Gwangyang-si,전라남도",전라남도 광양시 이천길 69-2 (진상면)
404,100%  17-5 Naeyeongsan 2-gil Jeollanam-do (영강동),전라남도 나주시 내영산2길 17-5 (영강동)
405,"Gyeongsangbuk-do, 문경시, , 105-0, (가은읍)",경상북도 문경시 공단강변길 105-0 (가은읍)
406,"구량송정2길,18-1,,울주군,울산광역시,(두서면)",울산광역시 울주군 구량송정2길 18-1 (두서면)
407,"Chungcheongnam-do,(정산면),청양군,서정길,13-0",충청남도 청양군 서정길 13-0 (정산면)
408,64-4  논산시 Chungcheongnam-do,충청남도 논산시 지산길 64-4 (취암동)
409,"Guncheong-ro, 158-0, 대구광역시, Gunwi-gun",대구광역시 군위군 군청로 158-0 (군위읍)
410,"20-10, 퇴계로10길, Jung-gu, 서울특별시",서울특별시 중구 퇴계로10길 20-10 (회현동)
411,전라남도-영암군-월산길-56-0-(군서면),전라남도 영암군 월산길 56-0 (군서면)
412,"50-0, , 석교2길, Seobuk-gu, Cheonan-si, Chungcheongnam-do",충청남도 천안시 서북구 석교2길 50-0 (성거읍)
413,^ 경기도-372-0-Sangsinhagil-ro-화성시-경기도,경기도 화성시 상신하길로 372-0 (향남읍)
414,"경상남도,(덕곡면),Hapcheon-gun,Bongok 2-gil,45-7",경상남도 합천군 본곡2길 45-7 (덕곡면)
415,"경기도,9-0,Jido-ro 13beon-gil,고양시 덕양구,경기도",경기도 고양시 덕양구 지도로13번길 9-0 (행주동)
416,"경기도, Hanam-si, , 55-0, (미사1동)",경기도 하남시 미사동로 55-0 (미사1동)
417,"Jeollanam-do,111-0,뱃나드리로,장성군,Jeollanam-do 김&장",전라남도 장성군 뱃나드리로 111-0 (황룡면)
418, 42-0 Wima-gil 경상북도 (금성면),경상북도 의성군 위마길 42-0 (금성면)
419,"전라남도,(현경면),Muan-gun,마산길,143-0 @KIM",전라남도 무안군 마산길 143-0 (현경면)
420,경상남도-밀양시-사랑골길-96-10-(부북면) 1001ho1001동,경상남도 밀양시 사랑골길 96-10 (부북면)
421, 12-0 고성군 Gyeongsangnam-do,경상남도 고성군 유흥2길 12-0 (대가면)
422,"전라북도,(삼례읍),완주군,별산길,36-0 customs office 100%",전라북도 완주군 별산길 36-0 (삼례읍)
423, 32-16 서구 부산광역시,부산광역시 서구 구덕로185번길 32-16 (아미동)
424,41-0  평택시 경기도,경기도 평택시 궁2길 41-0 (고덕면)
425,문 앞에 놔주세요  144-25 Gyeonggacheon-gil Jeollabuk-do (경천면),전라북도 완주군 경가천길 144-25 (경천면)
426, 621-0 하동군 경상남도,경상남도 하동군 삼화실로 621-0 (적량면)
427,", 128-0, 석적로, 칠곡군, 아이가 자고 있어요. 경상북도, (석적읍)",경상북도 칠곡군 석적로 128-0 (석적읍)
428,"145-0, 지하&상가 금파로378번길, 김포시, 경기도",경기도 김포시 금파로378번길 145-0 (고촌읍)
429,"부산광역시, Jung-gu, , 29-0, (광복동) 문 앞에 놔주세요",부산광역시 중구 국제시장2길 29-0 (광복동)
430,"충청북도, Jincheon-gun, , 37-11, (광혜원면) 노크 x",충청북도 진천군 바들말4길 37-11 (광혜원면)
431,"고양시 일산서구,63-28,송포로113번길 $달러샵$",경기도 고양시 일산서구 송포로113번길 63-28 (송포동)
432,"31-0, Borigol-gil, 보은군, Suyeong Tax Office Building파란건물 Chungcheongbuk-do",충청북도 보은군 보리골길 31-0 (마로면)
433, 39-5 Cheongjeong-ro 3-gil Gyeongsangnam-do (궁류면) $달러샵$,경상남도 의령군 청정로3길 39-5 (궁류면)
434,", 166-12, 유곡옥관로, Sangju-si, 경상북도, (낙동면)",경상북도 상주시 유곡옥관로 166-12 (낙동면)
435,"예산군,42-15,사석2길",충청남도 예산군 사석2길 42-15 (봉산면)
436,"용전2길,46-11,,Jincheon-gun,충청북도,(초평면)",충청북도 진천군 용전2길 46-11 (초평면)
437,9-0  Gimhae-si 경상남도,경상남도 김해시 서부로266번길 9-0 (진영읍)
438,"Suyeong Tax Office Building파란건물 44-6, 주문북로, Gangneung-si, 강원특별자치도",강원특별자치도 강릉시 주문북로 44-6 (주문진읍)
439,", 143-0, Gyeongin-ro, Bucheon-si, 경기도, (대산동)",경기도 부천시 경인로 143-0 (대산동)
440,", 99-4, Noesil-gil, Jeungpyeong-gun, Chungcheongbuk-do, (도안면)",충청북도 증평군 뇌실길 99-4 (도안면)
441,충청남도-Nonsan-si-탑정로215번길-36-0-(은진면),충청남도 논산시 탑정로215번길 36-0 (은진면)
442,"Gyeongsangnam-do,102-0,Hakchon-gil,사천시,Gyeongsangnam-do",경상남도 사천시 학촌길 102-0 (정동면)
443,"$달러샵$ Unsan 3-gil,75-0,,예산군,충청남도,(광시면)",충청남도 예산군 운산3길 75-0 (광시면)
444,"Chungcheongnam-do, 공주시, , 김&장 46-0, (옥룡동)",충청남도 공주시 월성산2길 46-0 (옥룡동)
445,"100% office 부산광역시, Seo-gu, , 9-0, (충무동)",부산광역시 서구 구덕로186번길 9-0 (충무동)
446,"광주광역시,11-0,상무번영로,서구,광주광역시 1001ho1001동",광주광역시 서구 상무번영로 11-0 (치평동)
447,"18-5, , 고현로11번길, 수원시 권선구, 경기도",경기도 수원시 권선구 고현로11번길 18-5 (평동)
448,"1916-111, 평화로, 양주시, 경기도",경기도 양주시 평화로 1916-111 (회천1동)
449,"13-1, , MUN AP 실옥로16번길, 아산시, Chungcheongnam-do",충청남도 아산시 실옥로16번길 13-1 (온양4동)
450,"Galsan-ro, 101-0, Chungcheongnam-do, 홍성군",충청남도 홍성군 갈산로 101-0 (갈산면)
451,"94-1, $달러샵$ Sukseong 4-gil, 평택시, Gyeonggi-do",경기도 평택시 숙성4길 94-1 (오성면)
452,"452-0, Duwol-ro, Yeongju-si, MUN AP Gyeongsangbuk-do",경상북도 영주시 두월로 452-0 (이산면)
453,강원특별자치도-4531-0-청옥로-Samcheok-si-강원특별자치도,강원특별자치도 삼척시 청옥로 4531-0 (가곡면)
454,"Gyeonggi-do,131-45,새오리로339번길,파주시,Gyeonggi-do",경기도 파주시 새오리로339번길 131-45 (탄현면)
455,37-10  아산시 Chungcheongnam-do,충청남도 아산시 신성길 37-10 (선장면)
456,", 877-0, 100% 봉덕로, Yeonggwang-gun, Jeollanam-do, (군남면)",전라남도 영광군 봉덕로 877-0 (군남면)
457,"@KIM 인천광역시,7-17,Yulmok-ro 8beon-gil,중구,인천광역시",인천광역시 중구 율목로8번길 7-17 (율목동)
458,"송악로,163-53,,당진시,충청남도,(송악읍)",충청남도 당진시 송악로 163-53 (송악읍)
459,김&장  355-17 장수군 Jeollabuk-do,전라북도 장수군 비룡로 355-17 (천천면)
460,"142-6, Gaya-ro 201beon-gil, Nonsan-si, 문 앞에 놔주세요 충청남도",충청남도 논산시 가야로201번길 142-6 (가야곡면)
461,"백수로5길, 45-0, 전라남도, Yeonggwang-gun 지하&상가",전라남도 영광군 백수로5길 45-0 (백수읍)
462,인천광역시-미추홀구-석정로324번길-31-41-(도화2.3동),인천광역시 미추홀구 석정로324번길 31-41 (도화2.3동)
463,"Cheongdong-ro,128-0,,Sangju-si,경상북도,(외남면) A동",경상북도 상주시 청동로 128-0 (외남면)
464,Chungcheongnam-do-1459-35-Yedang-ro-예산군-Chungcheongnam-do 김&장,충청남도 예산군 예당로 1459-35 (응봉면)
465,"76-0, 문 앞에 놔주세요 광교산로378번길, 수원시 장안구, Gyeonggi-do",경기도 수원시 장안구 광교산로378번길 76-0 (연무동)
466,"10-0, , Seokjeong-ro 456beon-gil, Michuhol-gu, Incheon",인천광역시 미추홀구 석정로456번길 10-0 (주안5동)
467,"$달러샵$ 31-0, 둔치강변길, Gangseo-gu, Busan",부산광역시 강서구 둔치강변길 31-0 (가락동)
468,"죽양대로1792번길,7-0,,용인시 처인구,Gyeonggi-do,(원삼면)",경기도 용인시 처인구 죽양대로1792번길 7-0 (원삼면)
469,", 20-5, Suseo Police Station Oncheon-daero 511beon-gil, 아산시, Chungcheongnam-do, (도고면)",충청남도 아산시 온천대로511번길 20-5 (도고면)
470, 34-0 을지로3길 Seoul Republic of Korea (명동),서울특별시 중구 을지로3길 34-0 (명동)
471,"전라남도,(태인동),Gwangyang-si,담안2길,27-0",전라남도 광양시 담안2길 27-0 (태인동)
472,"Goheung-gun,95-151,Sincho-gil 100% OFFICE",전라남도 고흥군 신초길 95-151 (동일면)
473,", 46-17, Yonggi-gil 49beon-gil, Buk-gu, Pohang-si, Gyeongsangbuk-do, (기북면)",경상북도 포항시 북구 용기길49번길 46-17 (기북면)
474,2-12  논산시 Chungcheongnam-do,충청남도 논산시 소룡2길 2-12 (연무읍)
475, 27-0 Paju-si Gyeonggi-do,경기도 파주시 소라지로139번길 27-0 (교하동)
476,"전라남도, 고흥군, , 2251-3, (동일면)",전라남도 고흥군 우주로 2251-3 (동일면)
477,"Busan, Suyeong-gu, customs office 100% , 28-11, (민락동)",부산광역시 수영구 광안해변로277번길 28-11 (민락동)
478,"강릉시,5-0,Gangbyeon-ro 194beon-gil",강원특별자치도 강릉시 강변로194번길 5-0 (내곡동)
479,"경기도,(운정4동),Paju-si,Unjeong 2-gil,6-0",경기도 파주시 운정2길 6-0 (운정4동)
480,"Gyeonggi-do,(대곶면),김포시,수남로,31-0",경기도 김포시 수남로 31-0 (대곶면)
481,"현암2길, 62-0, 경기도, Yeoju-si",경기도 여주시 현암2길 62-0 (오학동)
482,", 5-9, Seobinggo-ro 75ga-gil, Yongsan-gu, 1001ho1001동 서울특별시, (서빙고동)",서울특별시 용산구 서빙고로75가길 5-9 (서빙고동)
483,"Hoengseong-gun,245-1,한우로",강원특별자치도 횡성군 한우로 245-1 (횡성읍)
484,"문암항길,47-0,,Goseong-gun,강원특별자치도,(죽왕면)",강원특별자치도 고성군 문암항길 47-0 (죽왕면)
485,"225-0, Miya-gil, Haenam-gun, 전라남도",전라남도 해남군 미야길 225-0 (송지면)
486,"용인시 처인구,143-6,Choha-ro 68beon-gil",경기도 용인시 처인구 초하로68번길 143-6 (모현읍)
487,경상북도-Uiseong-gun-용기9길-32-1-(안계면) 문 앞에 놔주세요,경상북도 의성군 용기9길 32-1 (안계면)
488,"Boseong-gun,2-0,대촌길",전라남도 보성군 대촌길 2-0 (벌교읍)
489,"송림로, 399-2, 전라남도, 고흥군 지하&상가",전라남도 고흥군 송림로 399-2 (대서면)
490,"100-0, , 충효녹지길, 경주시, 경상북도 1001ho1001동",경상북도 경주시 충효녹지길 100-0 (선도동)
491,"Gyeongsangnam-do,1429-17,산양일주로,Tongyeong-si,Gyeongsangnam-do",경상남도 통영시 산양일주로 1429-17 (산양읍)
492,"38-10, 100% 상효로126번길, 서귀포시, Jeju-do",제주특별자치도 서귀포시 상효로126번길 38-10 (영천동)
493,*^^* 69-5  거창군 Gyeongsangnam-do,경상남도 거창군 공수들8길 69-5 (거창읍)
494, 38-63 *^^* Paju-si 경기도,경기도 파주시 봉천로 38-63 (조리읍)
495,"customs office 100% 성북구,13-0,Hwarang-ro 35-gil",서울특별시 성북구 화랑로35길 13-0 (장위제2동)
496,"146-6, 살구짐길, Gimcheon-si, 경상북도",경상북도 김천시 살구짐길 146-6 (남면)
497,"1486-68, 영암로, Yeongam-gun, Jeollanam-do",전라남도 영암군 영암로 1486-68 (영암읍)
498,", 5-0, 부남길, 전주시 완산구, A동 전라북도, (동서학동)",전라북도 전주시 완산구 부남길 5-0 (동서학동)
499,"Hamakhyeon-gil,71-56,,금산군,충청남도,(진산면)",충청남도 금산군 하막현길 71-56 (진산면)
500,"경기도,78-14,Geomdansan-ro 124beon-gil,하남시,경기도",경기도 하남시 검단산로124번길 78-14 (천현동)
501,"327-0, , Sinman-ro, customs office 100% Gwangju-si, 경기도",경기도 광주시 신만로 327-0 (곤지암읍)
502,"4428-9, , 중산간서로, Jeju-si, 제주특별자치도",제주특별자치도 제주시 중산간서로 4428-9 (한림읍)
503,"153-0, 100% 상무누리로, 서구, 광주광역시",광주광역시 서구 상무누리로 153-0 (치평동)
504,"Gyeongsangbuk-do, Gumi-si, , 25-14, (산동읍)",경상북도 구미시 첨단기업4로 25-14 (산동읍)
505,"370-87, @KIM Songdan-gil, 화순군, 전라남도",전라남도 화순군 송단길 370-87 (백아면)
506,"Jeollanam-do, Damyang-gun, @KIM , 79-3, (대전면)",전라남도 담양군 신룡길 79-3 (대전면)
507,"38-0, 아이가 자고 있어요. Namjak-ro 4-gil, Seongju-gun, 경상북도",경상북도 성주군 남작로4길 38-0 (수륜면)
508, 272-0 Sacheon-si 경상남도,경상남도 사천시 중촌로 272-0 (서포면)
509,충청남도-보령시-Sageunae 1-gil-38-0-(웅천읍) 이음&,충청남도 보령시 사그내1길 38-0 (웅천읍)
510,"Jeollabuk-do,(교월동),Gimje-si,Yeonjeong 1-gil,86-14",전라북도 김제시 연정1길 86-14 (교월동)
511,382-0  Naju-si 전라남도,전라남도 나주시 백련산로 382-0 (동강면)
512,*^^*  73-0 Namwon-si 전라북도,전라북도 남원시 의총로 73-0 (왕정동)
513,서울특별시-구로구-구로동로20길-6-1-(구로제4동) $달러샵$,서울특별시 구로구 구로동로20길 6-1 (구로제4동)
514, 230-0 Buyeo-gun 충청남도,충청남도 부여군 지천로 230-0 (은산면)
515,Jeollanam-do-Yeongam-gun-월롱길-57-0-(시종면) 아이가 자고 있어요.,전라남도 영암군 월롱길 57-0 (시종면)
516,"전라남도,(율촌면),Yeosu-si,원반월길,62-13",전라남도 여수시 원반월길 62-13 (율촌면)
517,"Gyeonggi-do,(팔탄면),화성시,Pureundeulpan-ro,956-13",경기도 화성시 푸른들판로 956-13 (팔탄면)
518,"7-0, , 장활길, Haenam-gun, 전라남도",전라남도 해남군 장활길 7-0 (해남읍)
519,"봉정로, 126-0, 충청남도, Seobuk-gu, Cheonan-si",충청남도 천안시 서북구 봉정로 126-0 (성정1동)
520,"충청남도,113-24,Ocho-ro,부여군,충청남도",충청남도 부여군 오초로 113-24 (양화면)
521, 426-4 청양군 충청남도,충청남도 청양군 칠갑산로 426-4 (대치면)
522,"187-0, 화성로, 경산시, 경상북도",경상북도 경산시 화성로 187-0 (하양읍)
523,", 32-30, 득심골길, Andong-si, 경상북도, (명륜동)",경상북도 안동시 득심골길 32-30 (명륜동)
524,", 22-0, Suseo Police Station Janghang-ro 161beon-gil, 서천군, Chungcheongnam-do, (장항읍)",충청남도 서천군 장항로161번길 22-0 (장항읍)
525,"Gyeongsangnam-do,112-3,Daechon 1-gil,거창군,Gyeongsangnam-do",경상남도 거창군 대촌1길 112-3 (남하면)
526, 103-17 영천시 경상북도,경상북도 영천시 거곡로 103-17 (고경면)
527,"7-0, *^^* 해평시장2길, 구미시, Gyeongsangbuk-do",경상북도 구미시 해평시장2길 7-0 (해평면)
528,"Gyeongsangnam-do,555-0,Sanggogae-ro,Hadong-gun,Gyeongsangnam-do",경상남도 하동군 상고개로 555-0 (진교면)
529,"장수로220번길,51-19,,Yeongju-si,경상북도,(장수면)",경상북도 영주시 장수로220번길 51-19 (장수면)
530, 28-6 고창길 전라북도 (부남면) 100% office,전라북도 무주군 고창길 28-6 (부남면)
531,"128-0, Jinji-ro, Paju-si, 경기도",경기도 파주시 진지로 128-0 (광탄면)
532,"20-1, , 100% 와수로93번길, 철원군, Gangwon-do",강원특별자치도 철원군 와수로93번길 20-1 (서면와수출장소)
533,"^ Seongju-gun,60-0,오천1길",경상북도 성주군 오천1길 60-0 (수륜면)
534,"경기도, 용인시 처인구, , 138-0, (남사읍)",경기도 용인시 처인구 전원로 138-0 (남사읍)
535,"Jeollabuk-do,(웅포면),Iksan-si,덕성1길,33-0 문앞",전라북도 익산시 덕성1길 33-0 (웅포면)
536,울산광역시-Ulju-gun-Naruteo 1-gil-12-0-(서생면) 노크 x,울산광역시 울주군 나루터1길 12-0 (서생면)
537,이음& 211-0  나주시 Jeollanam-do,전라남도 나주시 진천길 211-0 (동강면)
538,"Gyeongsangnam-do,45-11,Sports-ro 623beon-gil,Namhae-gun,Gyeongsangnam-do 아이가 자고 있어요.",경상남도 남해군 스포츠로623번길 45-11 (서면)
539,Gyeonggi-do-화성시-수직1길-33-7-(향남읍),경기도 화성시 수직1길 33-7 (향남읍)
540,"함안군,232-43,묘사2길",경상남도 함안군 묘사2길 232-43 (가야읍)
541,"472-0, Jungang-ro, 고양시 덕양구, 경기도",경기도 고양시 덕양구 중앙로 472-0 (행신4동)
542,"부산광역시,(범천제2동),부산진구,Anchang-ro 10beon-gil,26-0",부산광역시 부산진구 안창로10번길 26-0 (범천제2동)
543,"이음& 29-0, Dongbu-ro 28-gil, Dong-gu, Daegu",대구광역시 동구 동부로28길 29-0 (신천4동)
544,"부안군,513-0,간재로 아이가 자고 있어요.",전라북도 부안군 간재로 513-0 (계화면)
545,"아이가 자고 있어요. 강진군,40-8,작천내동길",전라남도 강진군 작천내동길 40-8 (작천면)
546,"대구광역시, Gunwi-gun, , 17-9, (부계면)",대구광역시 군위군 한밤8길 17-9 (부계면)
547,Jeollanam-do-Gangjin-gun-Baegun-ro-93-9-(성전면),전라남도 강진군 백운로 93-9 (성전면)
548, 531-2 Gongnyong-ro Jeollanam-do (회천면),전라남도 보성군 공룡로 531-2 (회천면)
549,"Gyeongsangnam-do, 하동군, , @KIM 200-0, (악양면)",경상남도 하동군 악양동로 200-0 (악양면)
550,"Chungcheongnam-do,247-7,Daedong-ro,태안군,Chungcheongnam-do MUN AP",충청남도 태안군 대동로 247-7 (원북면)
551,"114-9, , Yedang-ro, $달러샵$ 예산군, 충청남도",충청남도 예산군 예당로 114-9 (광시면)
552, 848-0 *^^* Taean-gun Chungcheongnam-do,충청남도 태안군 원이로 848-0 (원북면)
553,"29-3, 읍동길, 신안군, 전라남도",전라남도 신안군 읍동길 29-3 (비금면)
554, 28-9 Gimhae-si Gyeongsangnam-do,경상남도 김해시 대동로521번길 28-9 (대동면)
555,"전라남도, Mokpo-si, , 8-4, (유달동) Republic of Korea",전라남도 목포시 해안로163번안길 8-4 (유달동)
556,"79-6, Byeongsan 1-gil, MUN AP 고성군, 경상남도",경상남도 고성군 병산1길 79-6 (삼산면)
557,"Gyeongsangnam-do,(거창읍),거창군,중앙로1길,149-0 Suseo Police Station",경상남도 거창군 중앙로1길 149-0 (거창읍)
558,"20-10, 내난길, Iksan-si, Jeollabuk-do",전라북도 익산시 내난길 20-10 (성당면)
559, 933-5 100% Buyeo-gun Chungcheongnam-do,충청남도 부여군 부흥로 933-5 (세도면)
560,전라남도-Sinan-gun-비금북부길-790-4-(비금면) customs office 100%,전라남도 신안군 비금북부길 790-4 (비금면)
561,"Gyeonggi-do,(),용인시 처인구,전대로,117-0 100% office",경기도 용인시 처인구 전대로 117-0 ()
562,"75-23, , 남평로231번길, 용인시 처인구, 경기도 A동",경기도 용인시 처인구 남평로231번길 75-23 (양지면)
563,"Haga-ro, 134-0, 문 앞에 놔주세요 제주특별자치도, 제주시",제주특별자치도 제주시 하가로 134-0 (애월읍)
564, 10-2 Jinyeong-ro 214beon-gil 문 앞에 놔주세요 경상남도 (진영읍),경상남도 김해시 진영로214번길 10-2 (진영읍)
565,"17-0, , Garak-ro 64beon-gil, Gimhae-si, 경상남도",경상남도 김해시 가락로64번길 17-0 (부원동)
566,Jeollanam-do-62-0-Oeumsan-gil-신안군-Jeollanam-do,전라남도 신안군 오음산길 62-0 (장산면)
567,"5-2, 안산로21번길, 계양구, Incheon",인천광역시 계양구 안산로21번길 5-2 (계산2동)
568,"Georyong 1-gil, 13-1, 충청북도, 충주시",충청북도 충주시 거룡1길 13-1 (호암.직동)
569,Gyeongsangbuk-do-Andong-si-Gamaegusong-ro-7-5-(와룡면),경상북도 안동시 감애구송로 7-5 (와룡면)
570,", 288-2, 100% Gosan-ro, 완주군, Jeollabuk-do, (고산면)",전라북도 완주군 고산로 288-2 (고산면)
571,Gyeongsangnam-do-34-7-고품3길-Hapcheon-gun-Gyeongsangnam-do 100% OFFICE,경상남도 합천군 고품3길 34-7 (용주면)
572,"Gyeonggi-do,(이동읍),Cheoin-gu, Yongin-si,서리로,174-0",경기도 용인시 처인구 서리로 174-0 (이동읍)
573,"Simdong-gil 113beon-gil,76-6,,Seocheon-gun,충청남도,(판교면)",충청남도 서천군 심동길113번길 76-6 (판교면)
574,"127-1, Cheonghaejindong-ro, Wando-gun, 노크 x Jeollanam-do",전라남도 완도군 청해진동로 127-1 (완도읍)
575,"고성군,2783-1,Namhaean-daero",경상남도 고성군 남해안대로 2783-1 (고성읍)
576,"Jeungpyeong-gun,40-0,탑바위길",충청북도 증평군 탑바위길 40-0 (증평읍)
577,"Gyeonggi-do,(우정읍),화성시,Baemi-gil,80-1",경기도 화성시 배미길 80-1 (우정읍)
578,"Gyeongsangnam-do,(사천읍),사천시,읍내로,44-6 100% OFFICE",경상남도 사천시 읍내로 44-6 (사천읍)
579,3-59  강화군 인천광역시,인천광역시 강화군 시리미로225번길 3-59 (선원면)
580,"경상남도,(마리면),거창군,지동길,26-6",경상남도 거창군 지동길 26-6 (마리면)
581,"고양시 덕양구,5-2,중앙로78번안길",경기도 고양시 덕양구 중앙로78번안길 5-2 (화전동)
582,"180-7, , 문앞 공회당길, 고흥군, Jeollanam-do",전라남도 고흥군 공회당길 180-7 (도양읍)
583,"고시내길, $달러샵$ 88-4, Jeollanam-do, 광양시",전라남도 광양시 고시내길 88-4 (다압면)
584,"천안시 동남구,2-1,우영5길",충청남도 천안시 동남구 우영5길 2-1 (봉명동)
585,"Jeollanam-do, 고흥군, , 문앞 112-17, (남양면)",전라남도 고흥군 장담길 112-17 (남양면)
586,"Hoengseong-gun,882-0,금계로",강원특별자치도 횡성군 금계로 882-0 (공근면)
587,"Gyeongsangnam-do, Namhae-gun, , 1833-0, (남면)",경상남도 남해군 남면로 1833-0 (남면)
588,"Gagudanji 1-gil,32-0,,남양주시,Gyeonggi-do,(화도읍남부출장소)",경기도 남양주시 가구단지1길 32-0 (화도읍남부출장소)
589,"Gangwon-do,(횡성읍),Hoengseong-gun,Eupsangseo-ro,7-1",강원특별자치도 횡성군 읍상서로 7-1 (횡성읍)
590,"6-1, , Yeonpa-gil, 김&장 구례군, 전라남도",전라남도 구례군 연파길 6-1 (광의면)
591,"Mokpo-si,18-0,고하대로646번길",전라남도 목포시 고하대로646번길 18-0 (북항동)
592,"경상북도, Sangju-si, , 68-5, (공성면) 문앞",경상북도 상주시 공성중앙로 68-5 (공성면)
593,"Incheon,62-0,화랑로,부평구,Incheon",인천광역시 부평구 화랑로 62-0 (산곡3동)
594,"Bucholli-gil,59-0,,화천군,강원특별자치도,(상서면)",강원특별자치도 화천군 부촌리길 59-0 (상서면)
595,"MUN AP 충청남도,97-12,Beonyeong 1-ro,Gongju-si,충청남도",충청남도 공주시 번영1로 97-12 (신관동)
596,"428-22, Jinsan-daero, Uichang-gu, Changwon-si, 100% office Gyeongsangnam-do",경상남도 창원시 의창구 진산대로 428-22 (대산면)
597,"Republic of Korea , 2503-1, Haeannam-ro, Ganghwa-gun, Incheon, (화도면)",인천광역시 강화군 해안남로 2503-1 (화도면)
598,"충청북도,308-12,상장인차로,청주시 상당구,충청북도 100%",충청북도 청주시 상당구 상장인차로 308-12 (가덕면)
599,"Gyeonggi-do, 성남시 수정구, , 아이가 자고 있어요. 16-0, (단대동)",경기도 성남시 수정구 산성대로475번길 16-0 (단대동)
600,"^ 경기도,533-0,Jeongjo-ro,수원시 권선구,경기도",경기도 수원시 권선구 정조로 533-0 (세류2동)
601,"34-0, Cheongil-ro 737beon-gil, 횡성군, 강원특별자치도",강원특별자치도 횡성군 청일로737번길 34-0 (청일면)
602,150-3  Gyeongju-si Gyeongsangbuk-do 이음&,경상북도 경주시 인좌안길 150-3 (강동면)
603, 21-4 Bunseong-ro 691beon-gil Gyeongsangnam-do (불암동),경상남도 김해시 분성로691번길 21-4 (불암동)
604," 27-0 우마길 Seoul 100,1001 김&장 customer office (가리봉동)",서울특별시 구로구 우마길 27-0 (가리봉동)
605,"Seoul,7-1,마조로16길,Seongdong-gu,Seoul 문앞",서울특별시 성동구 마조로16길 7-1 (마장동)
606,"Gyeonggi-do, 광주시, , 12-1, (능평동)",경기도 광주시 수레실길 12-1 (능평동)
607,강원특별자치도-Hongcheon-gun-Wondongjogyo-ro-37-18-(두촌면),강원특별자치도 홍천군 원동조교로 37-18 (두촌면)
608,"문앞 충청북도,231-0,Hyochonsongam 1-gil,청주시 상당구,충청북도",충청북도 청주시 상당구 효촌송암1길 231-0 (남일면)
609,"전라북도-남원시-주생부동길-40-0-(주생면) 100,1001 김&장 customer office",전라북도 남원시 주생부동길 40-0 (주생면)
610,"1-0, , 옥산포길, 춘천시, 강원특별자치도",강원특별자치도 춘천시 옥산포길 1-0 (신사우동)
611,"1001ho1001동 Miryang-si,50-0,Yeonsang 1-gil",경상남도 밀양시 연상1길 50-0 (무안면)
612,"합천군,102-0,강북로 Suyeong Tax Office Building파란건물",경상남도 합천군 강북로 102-0 (청덕면)
613,"추동로108번길, 37-6, 경기도, Uijeongbu-si $달러샵$",경기도 의정부시 추동로108번길 37-6 (신곡2동)
614,"경기도, 여주시, $달러샵$ , 190-4, (가남읍)",경기도 여주시 가남로 190-4 (가남읍)
615,"Suyeong Tax Office Building파란건물 논산시,61-0,Maneo 4-gil",충청남도 논산시 만어4길 61-0 (벌곡면)
616, 37-35 김포시 경기도,경기도 김포시 상마신기로41번길 37-35 (대곶면)
617,33-0  Hamyang-gun Gyeongsangnam-do 100% OFFICE,경상남도 함양군 유림재궁길 33-0 (유림면)
618," 14-4 삼학로 Jeollanam-do 100,1001 김&장 customer office (목원동)",전라남도 목포시 삼학로 14-4 (목원동)
619,", 692-0, 사명대사생가로, 밀양시, 경상남도, (무안면)",경상남도 밀양시 사명대사생가로 692-0 (무안면)
620,"Chungcheongnam-do,38-0,Yeonmisan-gil,공주시,Chungcheongnam-do",충청남도 공주시 연미산길 38-0 (신관동)
621,"경기도, Gapyeong-gun, , 11-0, (설악면)",경기도 가평군 신천중앙로88번길 11-0 (설악면)
622,경기도-김포시-Yulma-ro 135beon-gil-40-8-(대곶면) 이음&,경기도 김포시 율마로135번길 40-8 (대곶면)
623,"60-0, , MUN AP 양양로, Yangyang-gun, 강원특별자치도",강원특별자치도 양양군 양양로 60-0 (양양읍)
624, 31-12 장흥군 Jeollanam-do,전라남도 장흥군 광평길 31-12 (장평면)
625,"강원특별자치도, Donghae-si, , 309-0, (망상동) MUN AP",강원특별자치도 동해시 발한로 309-0 (망상동)
626,"Dusan-ro,52-0,,Ulju-gun,Ulsan,(범서읍) A동",울산광역시 울주군 두산로 52-0 (범서읍)
627, 34-7 송골3길 충청남도 (성환읍),충청남도 천안시 서북구 송골3길 34-7 (성환읍)
628,"150-0, 명마동길, Yeongwol-gun, Gangwon-do 노크 x",강원특별자치도 영월군 명마동길 150-0 (무릉도원면)
629,전라남도-727-0-봉황로-Naju-si-전라남도 김&장,전라남도 나주시 봉황로 727-0 (봉황면)
630,"6-0, , Simwongyegok-ro, 보령시, 충청남도",충청남도 보령시 심원계곡로 6-0 (성주면)
631, 15-2 산포길 경상남도 (웅양면),경상남도 거창군 산포길 15-2 (웅양면)
632,", 8-0, Heukseongmudo-ro 14an-gil, 제천시, 충청북도, 100% (송학면)",충청북도 제천시 흑석무도로14안길 8-0 (송학면)
633,"경상남도,(거창읍),거창군,양평1길,124-23 customs office 100%",경상남도 거창군 양평1길 124-23 (거창읍)
634, 22-7 100% office 도곡1길 Gyeonggi-do (봉담읍),경기도 화성시 도곡1길 22-7 (봉담읍)
635,"경기도,17-0,방촌로937번길,파주시,경기도 지하&상가",경기도 파주시 방촌로937번길 17-0 (탄현면)
636,"100% OFFICE Chilhyeon-ro,442-14,,정선군,강원특별자치도,(남면)",강원특별자치도 정선군 칠현로 442-14 (남면)
637, 42-0 강서구 Busan 100% OFFICE,부산광역시 강서구 가락대로1182번길 42-0 (가락동)
638,전라북도-김제시-남고7길-89-0-(진봉면),전라북도 김제시 남고7길 89-0 (진봉면)
639,Gyeonggi-do-오산시-Jigotjungang-ro-88-0-(세마동) A동,경기도 오산시 지곶중앙로 88-0 (세마동)
640,"1-0, ^ 장고개로8번길, 남구, Busan",부산광역시 남구 장고개로8번길 1-0 (우암동)
641,"이음& Seosan-si,142-3,신당1로",충청남도 서산시 신당1로 142-3 (성연면)
642,"Chungcheongbuk-do,(용암2동),Sangdang-gu, Cheongju-si,Mongnyeon-ro,160-6",충청북도 청주시 상당구 목련로 160-6 (용암2동)
643,"헌화로,655-6,,Gangneung-si,Gangwon-do,(강동면) A동",강원특별자치도 강릉시 헌화로 655-6 (강동면)
644,"Busan,(연산제8동),연제구,고분로123번길,22-0",부산광역시 연제구 고분로123번길 22-0 (연산제8동)
645,경기도-포천시-Hoguk-ro-376-0-(소흘읍),경기도 포천시 호국로 376-0 (소흘읍)
646,"10-0, 인포길, Yecheon-gun, Gyeongsangbuk-do",경상북도 예천군 인포길 10-0 (호명면)
647,"Natjil-ro,508-29,,고령군,Gyeongsangbuk-do,(대가야읍)",경상북도 고령군 낫질로 508-29 (대가야읍)
648,"양근강변길,52-5,,양평군,Gyeonggi-do,(양평읍)",경기도 양평군 양근강변길 52-5 (양평읍)
649,"1001ho1001동 Gyeonggi-do,(곤지암읍),광주시,Saejae-gil,256-42",경기도 광주시 새재길 256-42 (곤지암읍)
650,"Suyeong Tax Office Building파란건물 경기도,(매송면),Hwaseong-si,Hwaseong-ro,2250-0",경기도 화성시 화성로 2250-0 (매송면)
651,"전라북도,79-0,거전1길,Gimje-si,전라북도 100% OFFICE",전라북도 김제시 거전1길 79-0 (진봉면)
652,"346-0, , Hyundai-ro, Asan-si, 충청남도",충청남도 아산시 현대로 346-0 (염치읍)
653, 4-0 Hwaseong-si 경기도,경기도 화성시 안녕남로142번길 4-0 (화산동)
654,"Gyeonggi-do,(부발읍),이천시,부흥로200번길,75-10 아이가 자고 있어요.",경기도 이천시 부흥로200번길 75-10 (부발읍)
655,"전라남도,10-0,Hwangchon-gil,고흥군,전라남도",전라남도 고흥군 황촌길 10-0 (도화면)
656,"214-0, , 군유로, 함평군, Jeollanam-do",전라남도 함평군 군유로 214-0 (신광면)
657,"200-4, Republic of Korea Keungwangeum-gil, Andong-si, 경상북도",경상북도 안동시 큰광음길 200-4 (남후면)
658,"Hoengseong-gun,21-3,Apdeulseo 1-ro",강원특별자치도 횡성군 앞들서1로 21-3 (횡성읍)
659,", 1-0, 원산길, 보성군, Jeollanam-do, (회천면)",전라남도 보성군 원산길 1-0 (회천면)
660,"경기도, Gimpo-si, , 22-0, (통진읍)",경기도 김포시 율마로297번길 22-0 (통진읍)
661,106-7  문 앞에 놔주세요 임실군 전라북도,전라북도 임실군 백련1길 106-7 (강진면)
662,@KIM Jeju-do-서귀포시-남한로-60-0-(남원읍),제주특별자치도 서귀포시 남한로 60-0 (남원읍)
663,"Gyeongsangnam-do,(금남면),하동군,덕오길,187-0 지하&상가",경상남도 하동군 덕오길 187-0 (금남면)
664,"Seo-gu,7-0,Pureun-ro 8beon-gil",인천광역시 서구 푸른로8번길 7-0 (청라3동)
665, 94-15 Sinchon 2-gil Gyeongsangbuk-do (고아읍) 노크 x,경상북도 구미시 신촌2길 94-15 (고아읍)
666,14-0  안성시 Gyeonggi-do,경기도 안성시 미리내성지로 14-0 (양성면)
667,", Suseo Police Station 412-0, 역삼로, 강남구, Seoul, (대치4동)",서울특별시 강남구 역삼로 412-0 (대치4동)
668, 331-0 Bungmun-daero A동 광주광역시 (신창동),광주광역시 광산구 북문대로 331-0 (신창동)
669, 33-6 1001ho1001동 Pyeongchang-gun 강원특별자치도,강원특별자치도 평창군 하송빈1길 33-6 (대화면)
670,"진주시,42-0,향양로99번길 customs office 100%",경상남도 진주시 향양로99번길 42-0 (집현면)
671,"Daegu, Buk-gu, Republic of Korea , 50-23, (무태조야동)",대구광역시 북구 조야로5길 50-23 (무태조야동)
672,"100% office 충청남도,119-16,Woncheonochon-gil,예산군,충청남도",충청남도 예산군 원천오촌길 119-16 (오가면)
673,"부산광역시, Busanjin-gu, , 9-1, (양정제2동)",부산광역시 부산진구 양연로6번길 9-1 (양정제2동)
674,"14-0, Wolgok-ro 2-gil, ^ 성북구, 서울특별시",서울특별시 성북구 월곡로2길 14-0 (종암동)
675,"32-9, 아이가 자고 있어요. Daehak-ro, 삼척시, 강원특별자치도",강원특별자치도 삼척시 대학로 32-9 (남양동)
676,"Gyeongsangnam-do,(거류면),Goseong-gun,안정로,1269-0",경상남도 고성군 안정로 1269-0 (거류면)
677,14-0  경산시 Gyeongsangbuk-do,경상북도 경산시 용전길 14-0 (용성면)
678,"Jeollabuk-do, Buan-gun, 이음& , 9-5, (줄포면)",전라북도 부안군 줄포7길 9-5 (줄포면)
679,경기도-연천군-도대로3번길-6-0-(신서면),경기도 연천군 도대로3번길 6-0 (신서면)
680,"Hwaeomsa-ro, 402-31, Jeollanam-do, Gurye-gun",전라남도 구례군 화엄사로 402-31 (마산면)
681,"공릉로59가길, MUN AP 13-0, Seoul, 노원구",서울특별시 노원구 공릉로59가길 13-0 (하계1동)
682,"등원로, 348-0, Gyeonggi-do, 파주시",경기도 파주시 등원로 348-0 (조리읍)
683,$달러샵$  5-1 노상길 전라남도 (엄다면),전라남도 함평군 노상길 5-1 (엄다면)
684,"71-0, 길호길, Haenam-gun, Jeollanam-do 문 앞에 놔주세요",전라남도 해남군 길호길 71-0 (해남읍)
685,"강원특별자치도,(철원읍),철원군,월하2길,10-0 *^^*",강원특별자치도 철원군 월하2길 10-0 (철원읍)
686,", 133-0, 고원로425번길, 횡성군, Gangwon-do, (둔내면)",강원특별자치도 횡성군 고원로425번길 133-0 (둔내면)
687,"Hangjae-ro haengjeong 2-gil,3-0,,Hoengseong-gun,Gangwon-do,(공근면) @KIM",강원특별자치도 횡성군 항재로행정2길 3-0 (공근면)
688,45-19  Goheung-gun Jeollanam-do Suseo Police Station,전라남도 고흥군 동신길 45-19 (도화면)
689,"전라남도,(월야면),Hampyeong-gun,갈동길,336-0 MUN AP",전라남도 함평군 갈동길 336-0 (월야면)
690,"847-20, , Byeonggokjigok-ro, Hamyang-gun, Suseo Police Station Gyeongsangnam-do",경상남도 함양군 병곡지곡로 847-20 (지곡면)
691,"Geumsan-gil, 143-0, 전라남도, Hampyeong-gun",전라남도 함평군 금산길 143-0 (대동면)
692,경기도-468-0-Dongheon-ro-고양시 덕양구-경기도,경기도 고양시 덕양구 동헌로 468-0 (고양동)
693,"A동 경상북도,2469-0,Nakdong-daero,Gumi-si,경상북도",경상북도 구미시 낙동대로 2469-0 (해평면)
694,90-15  성주군 경상북도,경상북도 성주군 선노로 90-15 (선남면)
695,"45-0, , Hwajeongmasan-gil, 나주시, Jeollanam-do",전라남도 나주시 화정마산길 45-0 (왕곡면)
696, 21-10 100% office 밀양시 경상남도,경상남도 밀양시 화봉1길 21-10 (무안면)
697,"9-8, Singeumsandan 3-gil, Gwangyang-si, Jeollanam-do",전라남도 광양시 신금산단3길 9-8 (옥곡면)
698,", 70-0, 금복길53번길, 문 앞에 놔주세요 Hwaseong-si, 경기도, (정남면)",경기도 화성시 금복길53번길 70-0 (정남면)
699,", 2681-0, Biseul-ro, 달성군, 대구광역시, 100% OFFICE (화원읍)",대구광역시 달성군 비슬로 2681-0 (화원읍)
700,"Gyeonggi-do,(광명4동),광명시,오리로975번길,17-7",경기도 광명시 오리로975번길 17-7 (광명4동)
701,"Gijang-gun,40-0,Yerim 2-gil 1001ho1001동",부산광역시 기장군 예림2길 40-0 (정관읍)
702,", 37-14, Baekja 1-gil, 구미시, 경상북도, customs office 100% (무을면)",경상북도 구미시 백자1길 37-14 (무을면)
703,"아이가 자고 있어요. Chungcheongnam-do, 당진시, , 17-14, (신평면)",충청남도 당진시 각골길 17-14 (신평면)
704,"경상남도,(창녕읍),Changnyeong-gun,Galjeon 1-gil,68-0",경상남도 창녕군 갈전1길 68-0 (창녕읍)
705,"병산로,246-0,,Gijang-gun,부산광역시,(정관읍) Republic of Korea",부산광역시 기장군 병산로 246-0 (정관읍)
706,"송내길, 32-7, Gyeongsangnam-do, Hadong-gun",경상남도 하동군 송내길 32-7 (진교면)
707,56-38  Taean-gun 충청남도,충청남도 태안군 달산포로 56-38 (남면)
708,"전라남도,558-0,Gangbyeon-ro,Jangseong-gun,전라남도",전라남도 장성군 강변로 558-0 (황룡면)
709,"Chungcheongnam-do,29-32,성덕1길,금산군,Chungcheongnam-do",충청남도 금산군 성덕1길 29-32 (추부면)
710,"문앞 Naju-si,60-48,오강길",전라남도 나주시 오강길 60-48 (금천면)
711,"Suyeong Tax Office Building파란건물 199-37, 죽양대로, Anseong-si, Gyeonggi-do",경기도 안성시 죽양대로 199-37 (죽산면)
712,168-169 Suseo Police Station  청주시 상당구 Chungcheongbuk-do,충청북도 청주시 상당구 인경수산로 168-169 (미원면)
713,"Hoeumdeongnyeong-gil,25-5,,예산군,Chungcheongnam-do,(고덕면)",충청남도 예산군 호음덕령길 25-5 (고덕면)
714,"100% , 130-0, Gunwang-ro 51beon-gil, Buk-gu, Gwangju, (두암1동)",광주광역시 북구 군왕로51번길 130-0 (두암1동)
715,"34-0, A동 Jungok-gil, 담양군, 전라남도",전라남도 담양군 중옥길 34-0 (대전면)
716,"Seoul,(개봉제2동),Guro-gu,개봉로17나길,100-15 *^^*",서울특별시 구로구 개봉로17나길 100-15 (개봉제2동)
717,"충청남도, 공주시, , 376-0, (의당면)",충청남도 공주시 의당로 376-0 (의당면)
718, 47-0 Hajam-gil Ulsan (삼동면),울산광역시 울주군 하잠길 47-0 (삼동면)
719,"강화군,78-0,Deokha 3-gil",인천광역시 강화군 덕하3길 78-0 (양사면)
720,Gyeonggi-do-안성시-Joilmal-gil-61-0-(양성면) 문앞,경기도 안성시 조일말길 61-0 (양성면)
721,"함열3길, 24-11, 전라북도, 익산시",전라북도 익산시 함열3길 24-11 (함열읍)
722,"A동 경기도,(진접읍),Namyangju-si,Geumgang-ro 991beon-gil,3-0",경기도 남양주시 금강로991번길 3-0 (진접읍)
723,"고지길,37-0,,영천시,경상북도,(북안면)",경상북도 영천시 고지길 37-0 (북안면)
724,", 26-0, Jeonggeum-ro 410beon-gil, Pocheon-si, 노크 x 경기도, (가산면)",경기도 포천시 정금로410번길 26-0 (가산면)
725,"대사3길,22-5,,밀양시,Gyeongsangnam-do,(하남읍) A동",경상남도 밀양시 대사3길 22-5 (하남읍)
726,"내혜홀3길,26-0,,Anseong-si,Gyeonggi-do,(안성2동)",경기도 안성시 내혜홀3길 26-0 (안성2동)
727,@KIM 서울특별시-12-0-뚝섬로30가길-광진구-서울특별시,서울특별시 광진구 뚝섬로30가길 12-0 (자양제4동)
728,"22-0, , Wonssangjeong-gil, Iksan-si, Suyeong Tax Office Building파란건물 Jeollabuk-do",전라북도 익산시 원쌍정길 22-0 (춘포면)
729,"10-36, , 율원길, 하동군, 경상남도 Suyeong Tax Office Building파란건물",경상남도 하동군 율원길 10-36 (진교면)
730,"Gyeongsangbuk-do,(황남동),Gyeongju-si,소티남길,19-11",경상북도 경주시 소티남길 19-11 (황남동)
731,"가남로, 73-21, 전라남도, Yeonggwang-gun",전라남도 영광군 가남로 73-21 (군서면)
732,"Jeollanam-do, 고흥군, , 11-4, (동강면)",전라남도 고흥군 대강평촌길 11-4 (동강면)
733,"Hoguk-ro,2053-0,,포천시,Gyeonggi-do,(신북면)",경기도 포천시 호국로 2053-0 (신북면)
734,"71-12, Aurajigageum-gil, Jeongseon-gun, Gangwon-do",강원특별자치도 정선군 아우라지가금길 71-12 (여량면)
735,", 14-3, Republic of Korea 발포상촌길, Goheung-gun, Jeollanam-do, (도화면)",전라남도 고흥군 발포상촌길 14-3 (도화면)
736,전라북도-122-0-산덕길-남원시-전라북도,전라북도 남원시 산덕길 122-0 (운봉읍)
737,"1001ho1001동 , 130-0, Yuhyeonsaksi-ro, Gimpo-si, Gyeonggi-do, (양촌읍)",경기도 김포시 유현삭시로 130-0 (양촌읍)
738,"Chuseong-ro, 1143-0, 전라남도, 담양군",전라남도 담양군 추성로 1143-0 (담양읍)
739,강원특별자치도-101-21-Wondongjae-ro-영월군-강원특별자치도,강원특별자치도 영월군 원동재로 101-21 (북면)
740,"응달길, 22-0, Jeollanam-do, Haenam-gun",전라남도 해남군 응달길 22-0 (해남읍)
741,"서울특별시, Seongbuk-gu, , 81-0, (동선동) 1001ho1001동",서울특별시 성북구 동소문로 81-0 (동선동)
742,전라남도-11-0-학동서3길-Yeosu-si-전라남도,전라남도 여수시 학동서3길 11-0 (쌍봉동)
743,"묘산로, 399-8, 경상남도, Hapcheon-gun",경상남도 합천군 묘산로 399-8 (묘산면)
744,"95-1, 예산로, Yesan-gun, 충청남도",충청남도 예산군 예산로 95-1 (예산읍)
745,"천안대로, 724-0, Chungcheongnam-do, 천안시 동남구",충청남도 천안시 동남구 천안대로 724-0 (원성1동)
746, 3-2 Sinsi-gil 이음& 전라남도 (성전면),전라남도 강진군 신시길 3-2 (성전면)
747,"MUN AP 대전광역시, Jung-gu, , 26-0, (산성동)",대전광역시 중구 성산로13번길 26-0 (산성동)
748,"Gyeongsangnam-do,(상리면),Goseong-gun,척번정7길,82-13 @KIM",경상남도 고성군 척번정7길 82-13 (상리면)
749, 170-0 Jangsu-gil 경기도 (현덕면),경기도 평택시 장수길 170-0 (현덕면)
750,이음& 경기도-63-0-Hwanggye-gil-화성시-경기도,경기도 화성시 황계길 63-0 (화산동)
751, 75-7 노크 x Gyeongju-si 경상북도,경상북도 경주시 제내2공단길 75-7 (외동읍)
752,"충청남도,98-0,Mohangpado-ro,태안군,충청남도",충청남도 태안군 모항파도로 98-0 (소원면)
753,"101-0, 연자길, 해남군, 전라남도",전라남도 해남군 연자길 101-0 (황산면)
754,"297-0, 고래산로, 남양주시, 경기도",경기도 남양주시 고래산로 297-0 (조안면)
755,"경기도, 양주시, *^^* , 159-28, (광적면)",경기도 양주시 현석로175번길 159-28 (광적면)
756,"21-0, 김&장 범골로43번길, 의정부시, Gyeonggi-do",경기도 의정부시 범골로43번길 21-0 (호원2동)
757,*^^* Chungcheongnam-do-37-10-Doksaem-ro-Taean-gun-Chungcheongnam-do,충청남도 태안군 독샘로 37-10 (태안읍)
758,"안성시,346-0,진안로",경기도 안성시 진안로 346-0 (금광면)
759,Gyeongsangnam-do-29-0-창남1길-Geochang-gun-Gyeongsangnam-do *^^*,경상남도 거창군 창남1길 29-0 (거창읍)
760,"91-0, , Singi-gil, 사천시, 경상남도",경상남도 사천시 신기길 91-0 (축동면)
761,", 77-0, 1gongdan-ro 7-gil, Gumi-si, 경상북도, (공단동)",경상북도 구미시 1공단로7길 77-0 (공단동)
762,19-11  MUN AP Jinju-si 경상남도,경상남도 진주시 진산로703번길 19-11 (집현면)
763,"28-0, , Bukseong-ro 7-gil, 밀양시, 경상남도",경상남도 밀양시 북성로7길 28-0 (내일동)
764,"Hoengseong-gun,20-16,한우로두곡4길",강원특별자치도 횡성군 한우로두곡4길 20-16 (우천면)
765,", 106-0, 비량로49번길, 산청군, 경상남도, (생비량면)",경상남도 산청군 비량로49번길 106-0 (생비량면)
766,"강원특별자치도, 횡성군, , 146-0, (갑천면)",강원특별자치도 횡성군 갑천로 146-0 (갑천면)
767,"54-4, Chungmu-ro 1181beon-gil, 아산시, 충청남도",충청남도 아산시 충무로1181번길 54-4 (둔포면)
768,"Iksan-si,173-3,항쟁로",전라북도 익산시 항쟁로 173-3 (오산면)
769,"28-0, 경안로101길, 동구, Daegu",대구광역시 동구 경안로101길 28-0 (안심4동)
770,"Michuhol-gu,457-0,인주대로",인천광역시 미추홀구 인주대로 457-0 (주안4동)
771,"45-1, , MUN AP 솔바위길, Muan-gun, Jeollanam-do",전라남도 무안군 솔바위길 45-1 (일로읍)
772,"668-0, 오동로, 산청군, 경상남도",경상남도 산청군 오동로 668-0 (오부면)
773, 8-2 Aunae 2-gil 충청남도 (병천면),충청남도 천안시 동남구 아우내2길 8-2 (병천면)
774,", 21-6, Teogol 1-gil, 충주시, Chungcheongbuk-do, (소태면)",충청북도 충주시 터골1길 21-6 (소태면)
775,100% OFFICE 49-8  당진시 Chungcheongnam-do,충청남도 당진시 한진2길 49-8 (송악읍)
776,"26-0, , Sinbi-ro, Gumi-si, Gyeongsangbuk-do",경상북도 구미시 신비로 26-0 (신평1동)
777,", 9-10, 안골1길, Pocheon-si, 경기도, (내촌면)",경기도 포천시 안골1길 9-10 (내촌면)
778, 1118-0 Jeju-si Jeju-do,제주특별자치도 제주시 비자림로 1118-0 (조천읍)
779, 12-3 석정길 전라남도 (성북동) 아이가 자고 있어요.,전라남도 나주시 석정길 12-3 (성북동)
780,"Chungcheongbuk-do,(남이면),Seowon-gu, Cheongju-si,Wonsanmak-gil,42-3",충청북도 청주시 서원구 원산막길 42-3 (남이면)
781,1001ho1001동 Jeollanam-do-12-1-Daeyeongjungchon-gil-Goheung-gun-Jeollanam-do,전라남도 고흥군 대영중촌길 12-1 (동일면)
782,충청남도-아산시-Hoseo-ro 231beon-gil-47-13-(배방읍),충청남도 아산시 호서로231번길 47-13 (배방읍)
783,"Oksu-ro 135beon-gil, 17-0, 경기도, Pocheon-si",경기도 포천시 옥수로135번길 17-0 (창수면)
784,"Seomun-gil,95-12,,상주시,Gyeongsangbuk-do,(동문동) *^^*",경상북도 상주시 서문길 95-12 (동문동)
785, 27-0 칠곡군 Gyeongsangbuk-do,경상북도 칠곡군 기성5길 27-0 ()
786,"293-12, Jarado-gil, Sinan-gun, 전라남도",전라남도 신안군 자라도길 293-12 (안좌면자라출장소)
787,"운봉1길, 9-23, 경상남도, 합천군",경상남도 합천군 운봉1길 9-23 (청덕면)
788,"Hasang-ro 8beon-gil, 16-0, 100% OFFICE 경기도, 시흥시",경기도 시흥시 하상로8번길 16-0 (연성동)
789,"624-0, , A동 아산로, Asan-si, 충청남도",충청남도 아산시 아산로 624-0 (염치읍)
790,경상남도-451-0-자구로-Sacheon-si-경상남도,경상남도 사천시 자구로 451-0 (서포면)
791,19-20  MUN AP 진주시 경상남도,경상남도 진주시 공단로91번길 19-20 (상평동)
792,지하&상가  75-0 고양시 덕양구 Gyeonggi-do,경기도 고양시 덕양구 중고개길 75-0 (효자동)
793,Chungcheongbuk-do-3-0-Yachonangol-gil-충주시-Chungcheongbuk-do customs office 100%,충청북도 충주시 야촌안골길 3-0 (소태면)
794,@KIM 강원특별자치도-96-5-성황동길-영월군-강원특별자치도,강원특별자치도 영월군 성황동길 96-5 (북면)
795,", 41-0, 옻밭골길, Changnyeong-gun, Gyeongsangnam-do, (계성면)",경상남도 창녕군 옻밭골길 41-0 (계성면)
796, 29-0 평창군 Gangwon-do,강원특별자치도 평창군 가평로 29-0 (대화면)
797,"전라북도,(성덕면),Gimje-si,성덕1길,46-9 *^^*",전라북도 김제시 성덕1길 46-9 (성덕면)
798,"충청남도,(홍성읍),홍성군,Wolsan-ro 43beon-gil,84-14",충청남도 홍성군 월산로43번길 84-14 (홍성읍)
799,문앞 경기도-148-5-포승장안로-평택시-경기도,경기도 평택시 포승장안로 148-5 (포승읍)
800,"44-0, Gyeseong-gil, Changnyeong-gun, 100% office Gyeongsangnam-do",경상남도 창녕군 계성길 44-0 (계성면)
801,"경기도,8-0,구장길,안성시,경기도",경기도 안성시 구장길 8-0 (양성면)
802,"100% Chungcheongbuk-do,(소이면),음성군,Bongjeon-gil,195-0",충청북도 음성군 봉전길 195-0 (소이면)
803, 207-1 마포대로 서울특별시 (아현동),서울특별시 마포구 마포대로 207-1 (아현동)
804,"Maseo-ro 220beon-gil,34-0,,서천군,Chungcheongnam-do,(마서면) 지하&상가",충청남도 서천군 마서로220번길 34-0 (마서면)
805,"서울특별시, Gwangjin-gu, , 87-9, (구의제1동) 100%",서울특별시 광진구 자양로30길 87-9 (구의제1동)
806, 1348-11 현덕로 Gyeonggi-do ^ (현덕면),경기도 평택시 현덕로 1348-11 (현덕면)
807,"경기도,66-8,Songjeong-ro,Gwangju-si,경기도",경기도 광주시 송정로 66-8 (탄벌동)
808,"91-0, Bongmanteo-gil, Hwaseong-si, 아이가 자고 있어요. Gyeonggi-do",경기도 화성시 복만터길 91-0 (봉담읍)
809,", 5-1, 동영로13번길, 중구, 노크 x 부산광역시, (동광동)",부산광역시 중구 동영로13번길 5-1 (동광동)
810,"마안도길, 노크 x 6-0, Jeollanam-do, Wando-gun",전라남도 완도군 마안도길 6-0 (노화읍넙도출장소)
811,", 41-12, Jukdong-gil, 삼척시, 강원특별자치도, (교동)",강원특별자치도 삼척시 죽동길 41-12 (교동)
812, 454-25 대신로 경상남도 (초장동),경상남도 진주시 대신로 454-25 (초장동)
813, 63-0 100% OFFICE Seogwipo-si Jeju-do,제주특별자치도 서귀포시 위미항구로121번길 63-0 (남원읍)
814,Jeollanam-do-52-4-Wonsedong-gil-고흥군-Jeollanam-do 1001ho1001동,전라남도 고흥군 원세동길 52-4 (포두면)
815,"109-8, A동 Onggigol-gil, Hongcheon-gun, 강원특별자치도",강원특별자치도 홍천군 옹기골길 109-8 (홍천읍)
816,지하&상가  26-0 Daegaeun-gil Gyeongsangbuk-do (남원동),경상북도 상주시 대개운길 26-0 (남원동)
817,Gyeonggi-do-고양시 일산동구-Gongneungcheon-ro 231beon-gil-56-0-(고봉동),경기도 고양시 일산동구 공릉천로231번길 56-0 (고봉동)
818,"26-0, 권곡로14번길, 아산시, Chungcheongnam-do",충청남도 아산시 권곡로14번길 26-0 (온양3동)
819, 38-5 Suyeong Tax Office Building파란건물 Gongju-si Chungcheongnam-do,충청남도 공주시 신달산수골길 38-5 (유구읍)
820,"Gyeongsangbuk-do,30-15,Bokcheon-gil,Yecheon-gun,Gyeongsangbuk-do @KIM",경상북도 예천군 복천길 30-15 (용문면)
821, 184-0 송산로 경기도 (가좌동),경기도 고양시 일산서구 송산로 184-0 (가좌동)
822,"노크 x Nampoeupseong 1-gil,77-0,,보령시,충청남도,(남포면)",충청남도 보령시 남포읍성1길 77-0 (남포면)
823,", 22-13, 평중길, 고흥군, 100% office 전라남도, (포두면)",전라남도 고흥군 평중길 22-13 (포두면)
824,"13-0, Doeum-ro 27beon-gil, 포항시 북구, Suseo Police Station Gyeongsangbuk-do",경상북도 포항시 북구 도음로27번길 13-0 (신광면)
825,"112-0, 교동5길, 진도군, 전라남도 1001ho1001동",전라남도 진도군 교동5길 112-0 (진도읍)
826,"세권로108번길, 28-0, 경기도, Gwonseon-gu, Suwon-si",경기도 수원시 권선구 세권로108번길 28-0 (세류3동)
827,3-0  Yeonggwang-gun Jeollanam-do,전라남도 영광군 향화로5길 3-0 (염산면)
828,"경기도, 화성시, 김&장 , 104-0, (향남읍)",경기도 화성시 토성로 104-0 (향남읍)
829,"전라남도,(서호면),Yeongam-gun,Ssangpungwolpyeong-gil,28-0",전라남도 영암군 쌍풍월평길 28-0 (서호면)
830,"경기도, Cheoin-gu, Yongin-si, , 234-0, (남사읍) 100,1001 김&장 customer office",경기도 용인시 처인구 경기동로 234-0 (남사읍)
831,"*^^* 6-2, 마조로12길, Seongdong-gu, Seoul",서울특별시 성동구 마조로12길 6-2 (마장동)
832,"Yeongam-gun,259-17,곤미현로",전라남도 영암군 곤미현로 259-17 (미암면)
833,"^ 경기도, Yangpyeong-gun, , 83-0, (강하면)",경기도 양평군 왕창부로길 83-0 (강하면)
834,Gyeongsangbuk-do-Gumi-si-주아1길-34-0-(옥성면) 이음&,경상북도 구미시 주아1길 34-0 (옥성면)
835,216-0  속초시 강원특별자치도,강원특별자치도 속초시 방축길 216-0 (대포동)
836,", 100,1001 김&장 customer office 6-6, 간무곡길, 원주시, Gangwon-do, (호저면)",강원특별자치도 원주시 간무곡길 6-6 (호저면)
837, 28-0 부여군 충청남도,충청남도 부여군 가림로178번길 28-0 (충화면)
838,"51-0, Dongsan-gil, Hadong-gun, Gyeongsangnam-do",경상남도 하동군 동산길 51-0 (금남면)
839,"노크 x Chungcheongnam-do,(우성면),공주시,Simsan-gil,36-6",충청남도 공주시 심산길 36-6 (우성면)
840,"Republic of Korea Gyeongsangnam-do, 밀양시, , 11-0, (초동면)",경상남도 밀양시 대구령길 11-0 (초동면)
841,"100% OFFICE Witchon-gil,16-1,,고흥군,전라남도,(도덕면)",전라남도 고흥군 윗촌길 16-1 (도덕면)
842,"Gyeongsangnam-do,(동해면),고성군,외곡3길,9-0",경상남도 고성군 외곡3길 9-0 (동해면)
843,경상남도-산청군-남명로234번길-3-0-(시천면),경상남도 산청군 남명로234번길 3-0 (시천면)
844,"3-0, Sure-ro, Suyeong Tax Office Building파란건물 남양주시, 경기도",경기도 남양주시 수레로 3-0 (와부읍)
845,"Gapyeong-gun,175-14,수리재길",경기도 가평군 수리재길 175-14 (청평면)
846, 246-0 행곡1길 경상남도 (삼랑진읍),경상남도 밀양시 행곡1길 246-0 (삼랑진읍)
847,"MUN AP 독우물안길,53-4,,남원시,전라북도,(금지면)",전라북도 남원시 독우물안길 53-4 (금지면)
848,"Wando-gun,203-56,Busang-gil Republic of Korea",전라남도 완도군 부상길 203-56 (소안면)
849,571-1 문 앞에 놔주세요  진주시 Gyeongsangnam-do,경상남도 진주시 남강로 571-1 (성북동)
850, 57-0 Chojeongyaksu-ro Chungcheongbuk-do (내수읍),충청북도 청주시 청원구 초정약수로 57-0 (내수읍)
851,"100% Tongyeong-si,643-12,안정로",경상남도 통영시 안정로 643-12 (광도면)
852,"@KIM 서울특별시,15-0,Tongil-ro 18ga-gil,종로구,서울특별시",서울특별시 종로구 통일로18가길 15-0 (무악동)
853,Gyeongsangnam-do-Geochang-gun-Jungang-ro-117-0-(거창읍),경상남도 거창군 중앙로 117-0 (거창읍)
854,"신리길, 149-0, 전라북도, Gimje-si 100,1001 김&장 customer office",전라북도 김제시 신리길 149-0 (용지면)
855,"175-10, Hamnang-ro, Iksan-si, 전라북도",전라북도 익산시 함낭로 175-10 (함라면)
856,"31-0, , 사포산촌길, 고흥군, 전라남도 지하&상가",전라남도 고흥군 사포산촌길 31-0 (영남면)
857,충청북도-청주시 서원구-남이가좌1길-197-0-(남이면) MUN AP,충청북도 청주시 서원구 남이가좌1길 197-0 (남이면)
858,"104-82, 서이천로634번길, Icheon-si, 경기도",경기도 이천시 서이천로634번길 104-82 (마장면)
859,"석평로184번길,112-66,,김포시,Gyeonggi-do,(하성면)",경기도 김포시 석평로184번길 112-66 (하성면)
860, 23-0 Haenam-gun 전라남도,전라남도 해남군 신홍길 23-0 (북평면)
861,충청남도-341-68-Anmyeon-daero-Taean-gun-충청남도 문 앞에 놔주세요,충청남도 태안군 안면대로 341-68 (태안읍)
862,"Jeollanam-do, Sinan-gun, , 80-0, (신의면)",전라남도 신안군 구만길 80-0 (신의면)
863,7-1  문 앞에 놔주세요 Goesan-gun 충청북도,충청북도 괴산군 신기로2길 7-1 (괴산읍)
864,"Gyeongsangbuk-do, Gyeongju-si, , 19-20, (감포읍)",경상북도 경주시 감포로11길 19-20 (감포읍)
865,"은기길,197-0,,익산시,Jeollabuk-do,(팔봉동) Suseo Police Station",전라북도 익산시 은기길 197-0 (팔봉동)
866,"Jeollabuk-do, 익산시, , 이음& 107-0, (함열읍)",전라북도 익산시 상마길 107-0 (함열읍)
867, 81-0 Gimpo-si 경기도,경기도 김포시 대곶북로 81-0 (대곶면)
868, 25-0 조양상가길 강원특별자치도 (조양동),강원특별자치도 속초시 조양상가길 25-0 (조양동)
869,"^ 9-0, 진등2길, Boryeong-si, 충청남도",충청남도 보령시 진등2길 9-0 (대천4동)
870,9-0  익산시 Jeollabuk-do,전라북도 익산시 서동로14길 9-0 (동산동)
871," 50-0 Seobuk-gu, Cheonan-si Chungcheongnam-do 이음&",충청남도 천안시 서북구 한들3로 50-0 (백석동)
872,"^ Gyeonggi-do,(교하동),Paju-si,Jimok-ro,5-0",경기도 파주시 지목로 5-0 (교하동)
873,"서해안로, 1666-0, 경기도, Siheung-si customs office 100%",경기도 시흥시 서해안로 1666-0 (대야동)
874,"customs office 100% Seoul, 용산구, , 228-2, (이태원제2동)",서울특별시 용산구 녹사평대로 228-2 (이태원제2동)
875,"15-0, , 문 앞에 놔주세요 성암로, Mapo-gu, Seoul",서울특별시 마포구 성암로 15-0 (성산제2동)
876, 154-0 금성산성길 Jeollanam-do (금성면),전라남도 담양군 금성산성길 154-0 (금성면)
877,"Yongdeok 2-gil,60-31,,의령군,Gyeongsangnam-do,(용덕면)",경상남도 의령군 용덕2길 60-31 (용덕면)
878,경상남도-하동군-섬진강대로-2566-9-(하동읍),경상남도 하동군 섬진강대로 2566-9 (하동읍)
879,"10-0, 삽령길, Gunwi-gun, Daegu 이음&",대구광역시 군위군 삽령길 10-0 (군위읍)
880,"100% 59-16, Doyu-ro, Buan-gun, Jeollabuk-do",전라북도 부안군 도유로 59-16 (변산면)
881,Gangwon-do-7-0-녹도길-Jeongseon-gun-Gangwon-do,강원특별자치도 정선군 녹도길 7-0 (정선읍)
882,", 103-5, customs office 100% Hangnim 6-gil, 고성군, Gyeongsangnam-do, (하일면)",경상남도 고성군 학림6길 103-5 (하일면)
883,Suyeong Tax Office Building파란건물  1356-0 Gosan-ro Jeollanam-do (현산면),전라남도 해남군 고산로 1356-0 (현산면)
884,"89-14, 100,1001 김&장 customer office Jangsu-ro, Hapcheon-gun, 경상남도",경상남도 합천군 장수로 89-14 (합천읍)
885,"Gyeonggi-do,(송산면),Hwaseong-si,Yugil-gil,46-6",경기도 화성시 육일길 46-6 (송산면)
886,지하&상가 26-0  Sinan-gun 전라남도,전라남도 신안군 곰실길 26-0 (하의면)
887,"$달러샵$ , 316-0, Sujeong-ro, Sujeong-gu, Seongnam-si, Gyeonggi-do, (신흥2동)",경기도 성남시 수정구 수정로 316-0 (신흥2동)
888,"Geopyeong-gil,123-44,,Hamyang-gun,경상남도,(지곡면) customs office 100%",경상남도 함양군 거평길 123-44 (지곡면)
889,"100% OFFICE Geochang-gun,369-0,양지3길",경상남도 거창군 양지3길 369-0 (신원면)
890,"$달러샵$ 아산시,46-0,오목길",충청남도 아산시 오목길 46-0 (신창면)
891,"영천시,101-0,Jikdong-gil 100% OFFICE",경상북도 영천시 직동길 101-0 (중앙동)
892, 17-0 Yeoju-si Gyeonggi-do 문앞,경기도 여주시 상거길 17-0 (여흥동)
893,Gyeongsangbuk-do-923-0-춘양로-Bonghwa-gun-Gyeongsangbuk-do,경상북도 봉화군 춘양로 923-0 (춘양면)
894,"3-8, , 담터길, 영월군, Gangwon-do",강원특별자치도 영월군 담터길 3-8 (남면)
895,"21-6, , ^ 죽전4길, Geochang-gun, 경상남도",경상남도 거창군 죽전4길 21-6 (거창읍)
896, 188-0 Dalgubeol-daero 574-gil 이음& 대구광역시 (고산2동),대구광역시 수성구 달구벌대로574길 188-0 (고산2동)
897,"Wonmalheul 1-gil, 100% 49-56, Gyeongsangnam-do, Geochang-gun",경상남도 거창군 원말흘1길 49-56 (마리면)
898,경기도-파주시-Dokseoul 4-gil-14-0-(문산읍),경기도 파주시 독서울4길 14-0 (문산읍)
899,"Unha-gil,38-0,,Miryang-si,Gyeongsangnam-do,(상남면) $달러샵$",경상남도 밀양시 운하길 38-0 (상남면)
900,36-0  강릉시 강원특별자치도,강원특별자치도 강릉시 강변2길 36-0 (구정면)
901,428-29  당진시 Chungcheongnam-do,충청남도 당진시 갈골로 428-29 (정미면)
902,"Jeollabuk-do, 무주군, , 43-4, (무풍면)",전라북도 무주군 갈마동길 43-4 (무풍면)
903,"Chungcheongnam-do, Dangjin-si, , 571-37, (송산면)",충청남도 당진시 송산로 571-37 (송산면)
904,"Ulju-gun,60-0,Goyeongongdan 5-gil",울산광역시 울주군 고연공단5길 60-0 (웅촌면)
905,"충청북도,(음성읍),음성군,수정로,48-0",충청북도 음성군 수정로 48-0 (음성읍)
906, 33-0 Seongju-gun Gyeongsangbuk-do,경상북도 성주군 대흥1길 33-0 (성주읍)
907,경상북도-Seongju-gun-봉학2길-27-43-(벽진면) 문앞,경상북도 성주군 봉학2길 27-43 (벽진면)
908,전라북도-27-0-조포안길-Buan-gun-전라북도,전라북도 부안군 조포안길 27-0 (계화면)
909,"41-4, 지산길2길, Yeonggwang-gun, Jeollanam-do MUN AP",전라남도 영광군 지산길2길 41-4 (백수읍)
910, 4-10 문학로80번길 경기도 (정남면),경기도 화성시 문학로80번길 4-10 (정남면)
911,"86-34, Baekdujeonwa-gil, Wanju-gun, 100% OFFICE Jeollabuk-do",전라북도 완주군 백두전와길 86-34 (삼례읍)
912,"41-1, , 하우로, Siheung-si, 경기도",경기도 시흥시 하우로 41-1 (대야동)
913,"2820-2, 100% OFFICE 태백산로, 영월군, Gangwon-do",강원특별자치도 영월군 태백산로 2820-2 (상동읍)
914,"14-1, , 담지로8번길, 서구, Incheon",인천광역시 서구 담지로8번길 14-1 (청라1동)
915, 12-0 100% office Gumi-si 경상북도,경상북도 구미시 신림도개길 12-0 (도개면)
916,Suseo Police Station Jeollabuk-do-1174-0-Yeogang-ro-Iksan-si-Jeollabuk-do,전라북도 익산시 여강로 1174-0 (망성면)
917,Gyeonggi-do-Pocheon-si-Neobaegi-gil-33-0-(가산면),경기도 포천시 너배기길 33-0 (가산면)
918,"Sindal-gil, 138-30, 충청남도, Asan-si",충청남도 아산시 신달길 138-30 (신창면)
919,Jeollanam-do-40-4-마등길-신안군-Jeollanam-do,전라남도 신안군 마등길 40-4 (안좌면)
920,"15-15, 나산길, 함평군, Jeollanam-do",전라남도 함평군 나산길 15-15 (나산면)
921,"경상남도,(오부면),Sancheong-gun,Odong-ro 705beon-gil,258-0",경상남도 산청군 오동로705번길 258-0 (오부면)
922,"코스모스길,181-34,,Guri-si,Gyeonggi-do,(수택3동) 노크 x",경기도 구리시 코스모스길 181-34 (수택3동)
923,"Madae-gil,54-0,,영월군,Gangwon-do,(김삿갓면)",강원특별자치도 영월군 마대길 54-0 (김삿갓면)
924,"75-0, Suseo Police Station Ilhyeon-ro, 고양시 일산서구, Gyeonggi-do",경기도 고양시 일산서구 일현로 75-0 (탄현1동)
925, 8-0 군산시 Jeollabuk-do,전라북도 군산시 하용전길 8-0 (서수면)
926,"Jeollanam-do, Jindo-gun, , 23-0, (지산면)",전라남도 진도군 상봉암길 23-0 (지산면)
927,", 263-13, 마령로, Hapcheon-gun, Gyeongsangnam-do, (합천읍)",경상남도 합천군 마령로 263-13 (합천읍)
928,"52-0, 100% office Jangseong 2-gil, Yeosu-si, 전라남도",전라남도 여수시 장성2길 52-0 (쌍봉동)
929,"노크 x 경상북도,(금호읍),영천시,Geoyeo-ro,388-19",경상북도 영천시 거여로 388-19 (금호읍)
930,100% OFFICE 65-5  Gyeongsan-si 경상북도,경상북도 경산시 육동로 65-5 (용성면)
931,"이음& Geumdang-gil, 60-0, 충청남도, Seocheon-gun",충청남도 서천군 금당길 60-0 (화양면)
932,", 106-0, 서금길2길, 영광군, Jeollanam-do, (군서면)",전라남도 영광군 서금길2길 106-0 (군서면)
933,"걸미로, 658-8, 경기도, 안성시",경기도 안성시 걸미로 658-8 (죽산면)
934, 12-1 문앞 Yeongcheon-si Gyeongsangbuk-do,경상북도 영천시 능계2길 12-1 (화남면)
935,", 3-19, *^^* 장유로323번길, Gimhae-si, Gyeongsangnam-do, (장유1동)",경상남도 김해시 장유로323번길 3-19 (장유1동)
936,"공주시,109-22,Woreun-gil",충청남도 공주시 월은길 109-22 (사곡면)
937,"38-0, 지하&상가 Wonoil-gil, 화성시, Gyeonggi-do",경기도 화성시 원오일길 38-0 (정남면)
938, 581-9 생삼로 충청북도 (금왕읍),충청북도 음성군 생삼로 581-9 (금왕읍)
939,"문 앞에 놔주세요 396-5, 장지산로, Paju-si, 경기도",경기도 파주시 장지산로 396-5 (광탄면)
940, 414-37 Taean-gun Chungcheongnam-do,충청남도 태안군 송암로 414-37 (태안읍)
941, 48-8 Gimje-si Jeollabuk-do,전라북도 김제시 대청3길 48-8 (청하면)
942, 18-23 보성군 Suyeong Tax Office Building파란건물 전라남도,전라남도 보성군 박석길 18-23 (벌교읍)
943,"Seongji-ro 9-gil,36-19,,영광군,Jeollanam-do,(백수읍) 노크 x",전라남도 영광군 성지로9길 36-19 (백수읍)
944,"시리미로93번길,16-2,,Ganghwa-gun,인천광역시,(선원면)",인천광역시 강화군 시리미로93번길 16-2 (선원면)
945,서울특별시-13-0-학동로31길-Gangnam-gu-서울특별시,서울특별시 강남구 학동로31길 13-0 (논현2동)
946,"전라남도,(창평면),담양군,신기길,31-0",전라남도 담양군 신기길 31-0 (창평면)
947,"평택시,19-16,부용로31번길",경기도 평택시 부용로31번길 19-16 (팽성읍)
948, 185-21 용호로 Gyeongsangbuk-do (조마면),경상북도 김천시 용호로 185-21 (조마면)
949,"신동길, 115-0, 전라남도, 함평군 Republic of Korea",전라남도 함평군 신동길 115-0 (손불면)
950,"경상남도,(영현면),고성군,고봉로,466-37",경상남도 고성군 고봉로 466-37 (영현면)
951,"강원특별자치도, Gangneung-si, , 235-14, (주문진읍)",강원특별자치도 강릉시 연주로 235-14 (주문진읍)
952,Jeollanam-do-107-0-Bangchun-gil-해남군-Jeollanam-do,전라남도 해남군 방춘길 107-0 (계곡면)
953, 10-0 고법4길 Gyeongsangnam-do (청도면),경상남도 밀양시 고법4길 10-0 (청도면)
954,"61-0, Naengnim-ro, 상주시, 아이가 자고 있어요. Gyeongsangbuk-do",경상북도 상주시 냉림로 61-0 (계림동)
955,"산청군,16-0,중촌갈전로303번길",경상남도 산청군 중촌갈전로303번길 16-0 (신안면)
956, 6-0 Goseong-gun Gangwon-do,강원특별자치도 고성군 송죽2길 6-0 (거진읍)
957,"Nonsan-si,5-0,해월로180번길",충청남도 논산시 해월로180번길 5-0 (취암동)
958,"9-0, Nosan 2-gil, 청도군, 경상북도",경상북도 청도군 노산2길 9-0 (화양읍)
959, 30-0 안양시 만안구 경기도,경기도 안양시 만안구 충훈로72번길 30-0 (석수3동)
960,Gyeonggi-do-화성시-천등길-110-21-(송산면),경기도 화성시 천등길 110-21 (송산면)
961,"100% office 전라북도, Muju-gun, , 22-0, (무주읍)",전라북도 무주군 단천로5길 22-0 (무주읍)
962,"Gangwon-do,47-4,고싯골길,Yeongwol-gun,Gangwon-do",강원특별자치도 영월군 고싯골길 47-4 (남면)
963,"99-2, 진영로, Gimhae-si, Gyeongsangnam-do",경상남도 김해시 진영로 99-2 (진영읍)
964,"문앞 Chungcheongnam-do,(둔포면),Asan-si,Jangyoungsil-ro,836-53",충청남도 아산시 장영실로 836-53 (둔포면)
965,"100% 30-0, 모현2길, Jangseong-gun, 전라남도",전라남도 장성군 모현2길 30-0 (북이면)
966,Jeollanam-do-140-5-중앙길-Hampyeong-gun-Jeollanam-do 100% OFFICE,전라남도 함평군 중앙길 140-5 (함평읍)
967,"의곡길, 12-0, Gyeongsangnam-do, Jinju-si",경상남도 진주시 의곡길 12-0 (중앙동)
968,37-0  Yangpyeong-gun Gyeonggi-do $달러샵$,경기도 양평군 오리개길37번길 37-0 (서종면)
969,", 100-0, 진황도로, 강동구, 서울특별시, (길동)",서울특별시 강동구 진황도로 100-0 (길동)
970,Gyeongsangnam-do-1097-0-진양로-하동군-Gyeongsangnam-do,경상남도 하동군 진양로 1097-0 (양보면)
971,"전라북도,161-43,홍해송천길,Buan-gun,전라북도 Republic of Korea",전라북도 부안군 홍해송천길 161-43 (행안면)
972,"고암성산대로,11-0,,창녕군,경상남도,(고암면)",경상남도 창녕군 고암성산대로 11-0 (고암면)
973,"Busan, Haeundae-gu, Suseo Police Station , 29-0, (중제1동)",부산광역시 해운대구 중동1로19번길 29-0 (중제1동)
974," 94-133 Giheung-gu, Yongin-si Gyeonggi-do",경기도 용인시 기흥구 동백2로 94-133 (동백2동)
975,"7-0, 장서로433번길, 서천군, Chungcheongnam-do",충청남도 서천군 장서로433번길 7-0 (마서면)
976,", 1881-0, A동 고흥로, Goheung-gun, Jeollanam-do, (고흥읍)",전라남도 고흥군 고흥로 1881-0 (고흥읍)
977,Seoul-204-0-Hangeulbiseok-ro-노원구-Seoul ^,서울특별시 노원구 한글비석로 204-0 (하계1동)
978,"동소문로40길,2-0,,Seongbuk-gu,Seoul,(길음제2동)",서울특별시 성북구 동소문로40길 2-0 (길음제2동)
979,"61-0, 보개원삼로, 안성시, 경기도",경기도 안성시 보개원삼로 61-0 (안성1동)
980,"Jeollabuk-do,18-0,나루세길,Iksan-si,Jeollabuk-do",전라북도 익산시 나루세길 18-0 (웅포면)
981,Gyeongsangbuk-do-상주시-신봉4길-40-0-(신흥동),경상북도 상주시 신봉4길 40-0 (신흥동)
982,"경상남도,(가야면),합천군,Jukjeon 1-gil,74-33",경상남도 합천군 죽전1길 74-33 (가야면)
983,"이음& Buyeo-gun,71-9,Manggae-ro",충청남도 부여군 망개로 71-9 (세도면)
984,"전라남도,(진도읍),Jindo-gun,동외3길,35-0 아이가 자고 있어요.",전라남도 진도군 동외3길 35-0 (진도읍)
985,Daegu-56-3-Seongdang-ro-Nam-gu-Daegu,대구광역시 남구 성당로 56-3 (대명10동)
986,"33-20, , 100% office 송운길, 영월군, Gangwon-do",강원특별자치도 영월군 송운길 33-20 (산솔면)
987,"Bongnam 3-gil,71-22,,평택시,경기도,(진위면)",경기도 평택시 봉남3길 71-22 (진위면)
988,"Waon-gil,30-0,,Suncheon-si,전라남도,(해룡면)",전라남도 순천시 와온길 30-0 (해룡면)
989,"전라남도, 고흥군, 노크 x , 7-7, (남양면)",전라남도 고흥군 하와길 7-7 (남양면)
990,"경기도,80-0,율마로223번길,김포시,경기도 김&장",경기도 김포시 율마로223번길 80-0 (통진읍)
991,"Republic of Korea Uiseong-gun,48-3,신락3길",경상북도 의성군 신락3길 48-3 (다인면)
992,"Chungcheongnam-do,17-0,Pogyodang-gil,공주시,Chungcheongnam-do",충청남도 공주시 포교당길 17-0 (중학동)
993, 24-0 Seollim 3-gil Jeollabuk-do (소룡동),전라북도 군산시 설림3길 24-0 (소룡동)
994,"Gyeonggi-do, Guri-si, 지하&상가 , 56-9, (교문1동)",경기도 구리시 경춘로20번길 56-9 (교문1동)
995,"6-3, Chilseong-ro 10an-gil, Republic of Korea 제천시, 충청북도",충청북도 제천시 칠성로10안길 6-3 (중앙동)
996,"금산군,115-0,Naebu 1-gil",충청남도 금산군 내부1길 115-0 (군북면)
997, 95-13 Tongyeong-si 경상남도,경상남도 통영시 평촌1길 95-13 (도산면)
998,", 80-16, Nambusunhwan-ro 315-gil, Seocho-gu, Seoul, (서초3동)",서울특별시 서초구 남부순환로315길 80-16 (서초3동)
999,"48-0, Hajeong-ro, Dongdaemun-gu, Seoul",서울특별시 동대문구 하정로 48-0 (용신동)
